user_id,age,gender,weight,height,water,steps,exercise,sleep,fitness_level,goal,true_level,gender_encoded,goal_encoded
1,64,female,57.4,168,1.56,9446,43,6.1,2,consistency,1,0,0
2,27,male,76.2,158,3.58,19959,51,8.0,3,habits,3,1,1
3,84,female,78.3,162,2.79,12789,39,8.7,2,consistency,2,0,0
4,73,other,64.6,158,2.22,13030,34,5.1,2,consistency,2,2,0
5,33,male,61.3,164,2.95,3987,49,6.8,1,consistency,1,1,0
6,95,female,57.5,155,1.14,12242,84,7.9,2,performance,2,0,2
7,99,other,75.7,193,1.87,23865,71,7.5,5,habits,3,2,1
8,87,male,57.9,190,1.28,25551,73,6.4,5,habits,3,1,1
9,87,female,103.6,148,1.71,9439,50,6.7,2,consistency,1,0,0
10,36,female,63.8,140,2.51,19299,35,7.6,3,habits,2,0,1
11,15,female,40.0,181,2.87,28272,69,7.2,5,habits,3,0,1
12,34,female,69.5,158,2.1,3459,39,7.1,1,habits,1,0,1
13,65,female,68.9,172,1.61,19112,56,7.4,4,habits,2,0,1
14,14,female,86.7,173,3.36,22881,97,7.0,5,habits,3,0,1
15,42,female,74.3,155,2.17,7674,20,7.9,1,habits,1,0,1
16,50,female,57.5,183,2.51,5808,53,6.6,1,consistency,1,0,0
17,14,female,65.7,179,1.48,24208,102,6.5,5,consistency,3,0,0
18,76,female,74.9,194,2.62,23401,65,9.5,3,consistency,3,0,0
19,72,male,40.0,157,1.17,7068,37,7.0,1,consistency,1,1,0
20,33,male,90.1,173,1.92,11438,53,4.6,2,habits,2,1,1
21,45,male,57.5,164,2.57,12124,43,8.5,2,habits,2,1,1
22,88,male,91.3,184,2.46,26831,29,8.6,3,habits,3,1,1
23,70,male,75.9,145,1.8,26343,45,7.8,3,performance,3,1,2
24,34,female,79.4,160,2.8,28617,79,8.1,5,consistency,3,0,0
25,61,male,87.2,197,1.13,14096,35,9.4,2,habits,2,1,1
26,71,female,78.6,145,3.21,24745,53,6.3,3,habits,3,0,1
27,54,male,80.1,171,2.26,20327,67,7.4,3,performance,3,1,2
28,72,female,67.5,180,2.98,12913,52,9.2,2,consistency,2,0,0
29,92,other,75.6,187,1.63,4556,55,9.3,1,performance,1,2,2
30,27,male,61.2,182,2.43,29155,84,7.1,5,habits,3,1,1
31,74,female,64.8,178,2.07,22137,75,9.4,4,habits,3,0,1
32,74,male,99.5,170,2.81,8871,39,8.0,2,consistency,1,1,0
33,59,female,57.9,181,1.9,17628,40,8.8,3,consistency,2,0,0
34,74,male,72.3,149,2.65,11254,43,8.0,2,consistency,2,1,0
35,63,female,71.7,169,2.13,28186,49,7.6,3,consistency,3,0,0
36,67,male,65.3,196,1.02,28394,57,9.5,3,consistency,3,1,0
37,76,female,77.7,191,2.0,21764,44,6.8,3,consistency,2,0,0
38,15,female,78.8,157,1.97,16067,92,9.4,5,habits,3,0,1
39,63,male,56.1,199,2.42,16506,49,9.4,3,habits,2,1,1
40,19,male,71.5,163,1.37,13133,44,8.6,2,performance,2,1,2
41,33,male,53.8,191,3.25,24859,69,7.3,4,habits,3,1,1
42,85,male,81.8,148,1.94,3565,56,7.3,1,consistency,1,1,0
43,51,female,72.6,170,2.08,12690,76,5.9,2,consistency,2,0,0
44,30,male,71.2,154,2.66,13278,77,6.7,2,performance,2,1,2
45,16,male,79.9,143,2.87,13613,30,7.8,2,habits,2,1,1
46,72,male,65.9,179,2.59,15947,64,6.0,4,habits,2,1,1
47,26,female,83.7,148,1.66,8613,41,6.9,2,performance,1,0,2
48,21,male,55.8,184,1.36,23143,75,9.3,4,performance,3,1,2
49,65,male,91.2,148,1.92,16171,64,7.1,3,consistency,2,1,0
50,14,male,61.7,165,1.77,13699,41,8.2,2,habits,2,1,1
51,96,male,44.6,143,2.67,15171,60,8.0,4,habits,2,1,1
52,72,female,65.1,156,1.96,13688,35,6.9,2,consistency,2,0,0
53,83,male,63.4,155,2.68,13251,10,7.0,2,performance,2,1,2
54,56,male,65.0,154,1.97,24335,40,7.5,3,performance,3,1,2
55,20,female,73.5,174,2.16,13575,63,5.1,2,habits,2,0,1
56,59,female,86.5,196,2.83,5838,61,8.0,1,habits,1,0,1
57,47,male,67.1,191,2.64,21209,80,7.2,3,habits,3,1,1
58,90,female,59.6,144,2.36,25380,73,8.3,3,performance,3,0,2
59,93,female,53.1,194,1.78,14538,34,7.6,2,consistency,2,0,0
60,48,male,63.0,144,2.36,18577,62,7.3,5,habits,3,1,1
61,62,female,41.7,159,1.8,23380,32,7.5,3,habits,2,0,1
62,16,female,59.1,154,2.22,19076,61,7.6,4,consistency,3,0,0
63,14,male,88.7,157,2.53,3863,41,8.6,1,habits,1,1,1
64,18,male,57.6,186,2.24,22777,44,7.4,3,performance,3,1,2
65,66,male,79.4,141,1.66,17717,76,7.7,4,consistency,3,1,0
66,16,female,51.6,168,3.64,25162,69,6.0,3,habits,3,0,1
67,66,other,96.6,152,2.62,23437,52,7.3,3,habits,3,2,1
68,75,female,97.6,143,1.22,8393,29,8.7,2,performance,1,0,2
69,30,male,78.9,181,1.69,7319,60,7.5,1,habits,1,1,1
70,56,female,99.9,184,2.28,13082,50,6.1,2,habits,2,0,1
71,46,female,75.3,149,3.39,13767,79,6.2,2,performance,2,0,2
72,86,male,81.5,170,1.82,27016,71,6.7,4,performance,3,1,2
73,74,male,88.9,180,2.88,10055,52,8.2,2,performance,2,1,2
74,26,female,72.7,147,3.78,29847,65,8.4,5,habits,3,0,1
75,60,male,46.7,142,2.36,24041,73,4.0,5,habits,3,1,1
76,27,female,81.8,187,2.01,9910,26,7.1,2,habits,1,0,1
77,84,male,62.9,185,1.47,8289,29,7.3,2,habits,1,1,1
78,90,male,64.0,148,2.46,20432,81,6.4,4,consistency,3,1,0
79,99,male,74.5,169,2.77,27178,75,7.1,5,habits,3,1,1
80,74,male,78.5,192,2.66,13007,43,8.5,2,consistency,2,1,0
81,52,female,72.3,150,2.96,8360,38,7.6,2,habits,1,0,1
82,97,male,79.5,174,1.88,27456,54,6.8,3,habits,3,1,1
83,92,female,59.4,176,1.02,21953,76,7.1,3,performance,3,0,2
84,94,female,69.4,181,2.19,12314,52,7.0,2,habits,2,0,1
85,65,female,82.7,152,2.61,21323,42,7.6,3,habits,2,0,1
86,36,male,96.6,175,2.17,5061,55,5.7,1,habits,1,1,1
87,38,female,101.9,195,1.77,5180,65,6.4,1,habits,1,0,1
88,72,female,76.5,152,2.29,10040,57,8.2,2,habits,2,0,1
89,53,male,82.6,151,3.26,10044,63,7.1,2,habits,2,1,1
90,41,male,99.7,176,2.47,10800,68,6.4,2,consistency,2,1,0
91,27,female,59.9,149,1.94,10970,25,6.4,2,performance,1,0,2
92,57,other,79.4,199,1.85,8831,77,7.9,2,consistency,2,2,0
93,77,male,81.5,195,1.88,7687,56,6.6,1,habits,1,1,1
94,83,female,91.7,148,3.35,11692,57,7.7,2,consistency,2,0,0
95,21,female,52.9,191,2.67,21260,78,6.9,5,habits,3,0,1
96,13,female,55.9,146,2.19,10841,29,6.1,2,consistency,1,0,0
97,20,other,70.3,141,1.86,13339,45,7.4,2,consistency,2,2,0
98,75,female,75.7,193,3.17,18914,66,7.2,3,habits,3,0,1
99,23,male,86.8,195,4.17,25678,63,8.2,5,performance,3,1,2
100,93,male,77.8,199,2.52,8580,48,8.1,2,performance,1,1,2
101,20,male,67.7,162,2.46,18596,42,6.9,3,performance,2,1,2
102,47,female,76.2,178,2.43,24869,54,7.6,3,habits,3,0,1
103,47,female,74.5,179,0.73,28499,39,6.9,3,consistency,3,0,0
104,45,male,96.2,178,2.52,4446,18,7.7,1,performance,1,1,2
105,17,female,72.5,160,2.49,16304,65,7.5,3,habits,2,0,1
106,53,female,64.3,162,2.3,4903,31,6.5,1,performance,1,0,2
107,40,female,76.7,168,1.9,27285,52,6.6,3,habits,3,0,1
108,19,male,73.0,153,2.13,28777,50,7.6,3,habits,3,1,1
109,85,female,46.4,165,1.91,13698,90,8.4,2,consistency,2,0,0
110,84,male,69.8,190,3.32,25155,79,8.3,4,consistency,3,1,0
111,24,male,68.5,144,1.73,5876,50,6.2,1,consistency,1,1,0
112,46,male,61.8,194,4.06,16361,58,6.6,4,performance,3,1,2
113,45,male,85.5,170,2.5,14471,57,6.5,2,habits,2,1,1
114,60,male,58.2,164,1.31,8554,46,6.6,2,habits,1,1,1
115,35,female,76.8,170,1.91,5379,28,5.3,1,performance,1,0,2
116,74,male,67.8,189,2.34,16073,108,8.3,5,habits,3,1,1
117,49,female,71.6,159,0.5,7122,48,6.6,1,consistency,1,0,0
118,56,male,76.2,183,3.12,6237,47,7.6,1,consistency,1,1,0
119,98,female,50.4,194,2.69,11490,35,6.9,2,habits,2,0,1
120,47,other,72.9,156,2.77,28825,40,7.3,3,habits,3,2,1
121,77,male,104.3,184,2.52,25909,59,6.6,3,consistency,3,1,0
122,59,male,46.6,141,1.03,3372,31,7.1,1,performance,1,1,2
123,90,male,69.1,164,1.86,9656,59,6.3,2,consistency,2,1,0
124,15,female,86.8,152,2.79,13967,60,7.2,2,consistency,2,0,0
125,13,female,74.5,197,1.46,14611,50,8.7,2,habits,2,0,1
126,17,male,80.3,178,0.5,14322,62,7.7,2,habits,2,1,1
127,26,female,40.0,167,2.24,21320,62,7.6,3,habits,3,0,1
128,39,male,79.0,181,2.1,13942,36,5.9,2,habits,2,1,1
129,21,male,58.6,194,2.29,9764,47,7.8,2,habits,2,1,1
130,91,female,74.6,145,2.71,8275,52,7.9,2,habits,1,0,1
131,27,male,69.6,142,3.25,24321,93,7.8,5,habits,3,1,1
132,54,female,104.2,197,2.98,29432,83,7.7,5,habits,3,0,1
133,89,male,78.2,174,3.44,21373,61,7.3,4,habits,3,1,1
134,63,other,68.3,157,1.14,14764,64,7.8,2,consistency,2,2,0
135,75,male,47.4,150,2.35,7349,45,8.5,1,consistency,1,1,0
136,64,male,71.8,193,2.64,9775,73,7.5,2,habits,2,1,1
137,16,female,82.3,159,1.33,11381,51,6.2,2,performance,2,0,2
138,35,male,68.8,144,1.35,20587,44,6.4,3,habits,2,1,1
139,27,other,62.4,158,2.08,25294,87,8.1,4,performance,3,2,2
140,55,female,61.4,161,2.14,26458,61,6.4,4,habits,3,0,1
141,41,female,78.0,198,3.13,17471,74,7.6,4,performance,3,0,2
142,48,female,81.4,199,1.77,11835,52,6.9,2,habits,2,0,1
143,25,female,90.4,158,1.8,24343,60,6.2,3,consistency,3,0,0
144,44,female,55.1,186,1.77,9844,47,8.0,2,habits,1,0,1
145,83,female,77.9,155,2.78,7840,15,7.8,1,consistency,1,0,0
146,71,female,68.2,163,2.41,25758,44,5.9,3,habits,3,0,1
147,98,male,68.6,180,1.87,3762,56,7.6,1,habits,1,1,1
148,40,male,76.0,143,2.12,9676,56,7.5,2,consistency,2,1,0
149,78,female,76.1,154,3.1,9295,78,8.0,2,habits,2,0,1
150,54,male,77.9,164,1.88,28531,44,7.5,3,performance,3,1,2
151,57,female,54.1,183,3.52,25991,69,8.8,4,habits,3,0,1
152,74,male,58.8,194,2.35,9043,67,7.1,2,habits,2,1,1
153,69,male,92.3,174,2.49,20667,61,7.1,4,consistency,3,1,0
154,18,female,66.7,194,3.95,11042,42,6.2,2,habits,2,0,1
155,40,female,74.6,153,1.46,8814,45,6.3,2,habits,1,0,1
156,40,male,85.8,188,2.15,18881,53,6.3,3,consistency,2,1,0
157,56,female,77.0,158,1.54,17413,67,7.5,3,consistency,2,0,0
158,96,female,78.2,177,3.47,16544,53,7.2,5,performance,3,0,2
159,42,male,83.4,175,3.38,8309,74,7.5,2,habits,2,1,1
160,74,female,40.0,146,3.57,25838,45,6.1,3,consistency,3,0,0
161,87,male,62.7,169,3.26,29666,28,6.4,3,habits,3,1,1
162,74,male,77.0,158,2.66,19784,79,6.6,5,habits,3,1,1
163,13,other,90.8,188,1.74,6914,34,9.3,1,consistency,1,2,0
164,39,male,71.0,164,1.43,22874,67,7.2,4,habits,3,1,1
165,74,female,57.3,155,3.83,25250,64,7.2,3,habits,3,0,1
166,89,female,57.7,186,2.53,14886,59,7.1,2,habits,2,0,1
167,15,male,83.3,193,1.86,12835,75,8.8,2,consistency,2,1,0
168,82,female,66.7,179,3.13,11745,39,5.6,2,performance,2,0,2
169,84,female,69.9,190,1.72,16145,71,7.2,3,consistency,2,0,0
170,39,male,79.2,147,2.88,24102,80,5.8,4,habits,3,1,1
171,21,female,40.0,157,2.28,26498,20,4.9,3,consistency,3,0,0
172,74,female,100.0,167,2.85,20450,47,6.6,3,consistency,2,0,0
173,49,female,59.0,155,2.36,16566,40,7.7,3,habits,2,0,1
174,63,female,73.6,191,0.98,5063,46,6.3,1,habits,1,0,1
175,56,male,44.4,158,2.25,11407,55,7.6,2,habits,2,1,1
176,36,female,63.7,181,2.93,10456,55,7.3,2,habits,2,0,1
177,91,female,88.7,156,2.18,9851,45,7.1,2,performance,1,0,2
178,71,female,41.3,184,2.54,3741,36,8.4,1,habits,1,0,1
179,44,female,86.9,152,1.67,28523,59,6.7,3,habits,3,0,1
180,64,female,65.9,146,2.18,12366,43,7.6,2,performance,2,0,2
181,74,female,77.3,166,1.76,13214,61,5.4,2,performance,2,0,2
182,70,female,79.9,149,2.72,12237,33,7.3,2,consistency,2,0,0
183,64,female,76.6,173,2.02,7919,28,6.8,1,habits,1,0,1
184,24,female,57.0,175,3.28,20760,81,6.3,5,habits,3,0,1
185,51,female,64.5,164,3.36,24146,64,7.8,4,habits,3,0,1
186,14,female,48.1,145,2.88,26972,43,6.6,3,habits,3,0,1
187,15,male,77.4,163,2.19,3417,47,8.8,1,habits,1,1,1
188,68,male,95.5,157,1.9,23045,61,5.0,4,consistency,3,1,0
189,93,male,42.6,162,2.6,17977,57,7.6,4,habits,3,1,1
190,71,female,58.6,145,2.23,20347,67,7.4,4,habits,3,0,1
191,14,female,67.3,168,1.76,3883,26,6.8,1,habits,1,0,1
192,14,female,72.6,164,2.14,15529,59,6.8,3,consistency,2,0,0
193,66,male,83.2,194,1.91,17892,64,7.5,4,consistency,3,1,0
194,99,female,67.7,156,1.03,24458,52,8.4,3,consistency,3,0,0
195,13,male,65.3,185,1.93,22443,52,5.6,3,habits,3,1,1
196,31,male,86.5,163,2.34,10925,64,6.4,2,habits,2,1,1
197,14,female,79.9,150,1.46,19734,65,6.2,3,habits,2,0,1
198,65,female,78.1,165,2.01,4457,14,6.0,1,habits,1,0,1
199,56,male,71.7,190,3.73,24789,73,7.6,3,performance,3,1,2
200,44,male,84.7,173,2.72,3077,47,7.7,1,performance,1,1,2
201,82,male,60.2,167,3.35,10832,56,8.3,2,consistency,2,1,0
202,44,male,58.1,142,2.47,11568,63,7.8,2,performance,2,1,2
203,80,female,81.2,150,3.22,27985,60,8.0,3,consistency,3,0,0
204,67,male,45.6,177,1.49,5187,49,5.7,1,habits,1,1,1
205,87,female,71.4,153,1.95,21141,53,8.8,3,performance,2,0,2
206,68,female,65.3,190,0.68,28989,82,7.2,4,habits,3,0,1
207,29,male,48.9,165,2.83,4281,43,8.1,1,consistency,1,1,0
208,50,male,56.0,187,3.08,4846,19,5.7,1,habits,1,1,1
209,36,male,68.4,160,1.61,5487,55,6.9,1,habits,1,1,1
210,81,male,85.5,193,2.42,23661,68,8.3,4,consistency,3,1,0
211,82,male,60.2,195,1.87,18830,55,7.3,3,habits,2,1,1
212,98,female,88.2,178,2.47,11384,43,6.4,2,habits,2,0,1
213,23,male,70.9,169,2.79,7861,34,8.4,1,habits,1,1,1
214,28,other,89.7,198,1.18,29250,63,6.1,3,habits,3,2,1
215,85,male,60.9,147,2.89,19562,55,7.4,4,performance,3,1,2
216,71,female,69.3,190,2.41,22120,46,8.0,4,consistency,3,0,0
217,82,female,75.5,159,2.48,27247,44,9.4,3,habits,3,0,1
218,92,female,67.3,187,2.32,6218,45,6.6,1,habits,1,0,1
219,15,female,84.3,171,1.87,4963,37,6.8,1,performance,1,0,2
220,32,female,40.0,161,1.93,5142,56,6.7,1,habits,1,0,1
221,71,female,106.3,198,2.05,8557,49,7.4,2,habits,1,0,1
222,48,female,82.9,146,2.68,5072,52,7.7,1,habits,1,0,1
223,31,female,67.4,148,2.49,13036,39,8.3,2,performance,2,0,2
224,79,male,61.7,184,2.35,11730,43,8.0,2,habits,2,1,1
225,31,male,57.0,140,1.91,17355,80,7.0,5,habits,3,1,1
226,32,female,79.7,168,2.13,16955,57,8.1,3,habits,2,0,1
227,83,female,84.9,147,3.23,17971,66,7.5,4,habits,3,0,1
228,64,female,67.6,195,2.43,29669,46,8.0,3,consistency,3,0,0
229,45,female,86.6,193,2.46,5685,16,7.9,1,habits,1,0,1
230,52,other,56.4,143,3.64,20539,69,8.9,3,habits,3,2,1
231,51,male,53.7,174,2.93,11312,57,6.8,2,habits,2,1,1
232,94,male,97.2,198,2.47,16672,50,6.8,3,habits,2,1,1
233,13,male,78.9,142,1.84,12863,55,7.6,2,performance,2,1,2
234,23,male,91.0,193,1.01,19927,77,8.7,5,performance,3,1,2
235,69,female,57.2,184,2.08,10975,66,7.3,2,habits,2,0,1
236,62,male,56.1,179,1.97,10324,30,8.4,2,habits,1,1,1
237,35,female,64.6,146,3.07,17297,78,8.2,5,habits,3,0,1
238,43,male,57.6,166,1.89,6772,36,6.9,1,consistency,1,1,0
239,54,female,80.6,140,2.18,18166,62,7.9,3,consistency,2,0,0
240,19,female,58.7,166,1.15,24511,83,6.9,3,habits,3,0,1
241,28,male,52.4,155,1.94,15183,68,7.6,4,consistency,2,1,0
242,72,female,72.1,177,3.13,24475,91,6.4,5,consistency,3,0,0
243,14,male,50.7,146,4.0,17846,77,7.4,5,performance,3,1,2
244,13,male,43.0,183,1.93,6093,56,8.1,1,habits,1,1,1
245,60,male,72.0,162,2.83,25425,81,8.2,4,habits,3,1,1
246,24,male,43.8,180,3.07,27280,55,7.9,3,habits,3,1,1
247,81,male,81.6,198,1.83,24624,53,7.6,3,performance,3,1,2
248,49,female,49.1,150,2.26,4621,47,7.3,1,consistency,1,0,0
249,44,female,40.0,181,1.88,24988,50,6.0,3,consistency,3,0,0
250,21,female,65.6,192,3.41,19722,82,7.3,5,habits,3,0,1
251,31,male,72.2,172,2.91,25247,74,7.7,5,habits,3,1,1
252,60,female,77.4,189,2.41,9485,55,6.1,2,habits,2,0,1
253,92,male,72.6,175,1.45,5390,37,5.3,1,consistency,1,1,0
254,15,male,54.1,176,2.69,13349,39,8.3,2,habits,2,1,1
255,32,female,80.7,180,4.06,29072,86,7.5,4,habits,3,0,1
256,36,male,84.4,198,1.69,28062,63,7.5,3,consistency,3,1,0
257,66,female,51.9,156,1.96,12817,49,7.8,2,habits,2,0,1
258,45,female,67.3,174,2.16,6580,46,6.1,1,habits,1,0,1
259,36,male,65.9,187,2.75,9207,24,6.8,2,habits,1,1,1
260,87,male,73.3,144,1.81,9448,81,8.7,2,performance,2,1,2
261,84,male,66.9,187,0.82,27046,80,7.0,5,consistency,3,1,0
262,48,female,69.0,171,3.35,15676,30,7.0,3,performance,2,0,2
263,50,male,79.6,142,2.73,9507,67,6.5,2,habits,2,1,1
264,96,male,53.3,191,1.18,25022,48,6.6,3,performance,3,1,2
265,37,male,81.1,186,1.57,3763,55,8.2,1,performance,1,1,2
266,30,female,87.1,174,3.9,19090,81,5.0,5,consistency,3,0,0
267,94,male,94.5,191,3.21,8925,26,6.7,2,performance,1,1,2
268,78,male,40.0,153,2.86,12951,53,7.4,2,habits,2,1,1
269,66,female,67.3,187,2.08,8083,52,8.9,2,habits,1,0,1
270,47,female,40.5,170,2.46,24552,77,6.2,3,habits,3,0,1
271,92,male,40.0,170,2.31,27777,67,6.0,3,consistency,3,1,0
272,73,male,72.2,156,3.19,28714,41,6.4,3,consistency,3,1,0
273,53,male,64.0,199,1.59,11927,65,7.9,2,consistency,2,1,0
274,45,female,74.5,163,1.64,9542,43,7.3,2,habits,1,0,1
275,80,male,77.3,191,2.71,6804,65,5.7,1,habits,1,1,1
276,45,female,88.7,162,2.37,23526,54,7.4,3,habits,3,0,1
277,26,female,70.8,157,2.96,5368,36,8.7,1,consistency,1,0,0
278,33,female,113.9,189,1.93,28930,47,7.6,3,habits,3,0,1
279,60,male,74.6,193,2.56,16110,62,7.6,4,performance,2,1,2
280,32,female,97.6,153,1.95,15578,58,7.6,4,habits,2,0,1
281,20,female,40.0,189,2.21,8908,67,7.6,2,habits,2,0,1
282,19,female,90.2,154,1.17,10908,30,5.9,2,performance,1,0,2
283,79,male,67.3,154,1.66,4670,52,6.9,1,habits,1,1,1
284,29,other,40.8,145,1.39,17200,72,7.1,3,habits,2,2,1
285,45,male,76.3,166,3.09,27906,90,6.9,4,habits,3,1,1
286,60,male,65.5,154,2.7,13051,50,7.9,2,habits,2,1,1
287,88,male,78.7,189,0.99,10737,34,6.6,2,performance,1,1,2
288,71,female,85.2,175,3.53,21321,67,7.0,4,consistency,3,0,0
289,98,male,47.7,194,4.35,23056,78,6.1,4,habits,3,1,1
290,34,male,85.2,147,2.23,9331,51,7.6,2,consistency,1,1,0
291,42,male,70.1,154,1.95,26924,65,8.2,3,habits,3,1,1
292,50,male,90.3,142,3.98,7062,60,6.7,1,consistency,1,1,0
293,63,female,66.9,186,1.08,4613,48,7.9,1,performance,1,0,2
294,66,female,62.9,152,2.81,21643,82,7.4,5,performance,3,0,2
295,20,male,70.4,180,2.73,23732,42,4.9,4,habits,3,1,1
296,39,male,71.5,173,3.54,20631,58,7.3,4,habits,3,1,1
297,39,female,60.1,163,2.25,6996,33,6.9,1,habits,1,0,1
298,33,male,62.6,179,2.25,25252,40,7.5,4,consistency,3,1,0
299,42,male,51.6,171,1.53,12147,33,7.5,2,consistency,1,1,0
300,40,other,63.5,171,1.96,10775,45,6.5,2,habits,2,2,1
301,76,female,80.1,169,1.7,20169,58,8.8,3,performance,2,0,2
302,81,male,67.9,191,2.03,5891,47,7.0,1,habits,1,1,1
303,73,female,85.1,188,2.21,24182,66,7.2,4,habits,3,0,1
304,60,male,67.2,152,1.35,21787,63,8.0,3,habits,2,1,1
305,31,female,48.5,140,2.88,7492,33,7.1,1,habits,1,0,1
306,16,male,79.0,173,1.65,4081,40,9.7,1,habits,1,1,1
307,47,male,59.9,154,1.11,5033,46,6.9,1,consistency,1,1,0
308,76,male,66.5,183,1.88,4614,62,7.5,1,habits,1,1,1
309,61,female,88.6,153,2.45,21196,52,6.6,3,habits,3,0,1
310,29,female,52.6,196,1.38,28441,72,8.3,4,consistency,3,0,0
311,56,male,72.5,168,2.23,7641,53,7.4,1,habits,1,1,1
312,42,male,69.4,173,1.27,6653,18,6.8,1,consistency,1,1,0
313,58,female,80.5,157,3.6,21734,89,6.4,3,habits,3,0,1
314,18,male,82.8,193,2.97,16080,87,6.1,4,consistency,3,1,0
315,49,male,74.0,146,1.92,8559,24,7.6,2,performance,1,1,2
316,36,other,64.6,168,1.68,12474,55,5.8,2,habits,2,2,1
317,58,male,77.1,194,2.33,22814,51,8.6,3,consistency,3,1,0
318,65,female,90.0,170,2.63,9918,44,5.9,2,performance,2,0,2
319,72,other,69.6,164,1.98,6666,45,6.9,1,consistency,1,2,0
320,75,male,66.0,177,2.25,24790,75,6.4,3,habits,3,1,1
321,97,male,75.8,153,2.44,16600,53,7.3,3,habits,2,1,1
322,44,male,70.6,147,1.98,22462,53,7.3,3,consistency,3,1,0
323,99,female,49.9,166,2.16,21866,65,7.7,3,performance,3,0,2
324,45,female,73.6,193,0.94,18692,68,5.8,3,habits,2,0,1
325,79,female,49.8,141,2.88,10072,34,6.4,2,habits,2,0,1
326,30,male,75.6,156,2.41,12545,75,8.2,2,habits,2,1,1
327,37,female,58.0,176,1.46,6554,30,7.8,1,habits,1,0,1
328,66,female,70.6,153,3.33,3649,54,4.6,1,habits,1,0,1
329,70,female,75.9,164,2.46,15332,66,7.7,3,habits,2,0,1
330,79,female,106.8,195,1.87,28531,79,6.4,4,habits,3,0,1
331,58,female,81.1,169,3.4,28709,70,6.9,5,habits,3,0,1
332,36,female,90.5,168,2.68,28653,34,7.1,3,performance,3,0,2
333,44,female,98.1,159,2.28,3056,39,8.7,1,habits,1,0,1
334,59,male,77.3,160,1.7,5243,39,6.1,1,habits,1,1,1
335,98,male,74.3,192,2.92,29507,55,6.0,4,habits,3,1,1
336,35,female,54.0,161,2.22,28779,73,7.8,3,performance,3,0,2
337,78,male,68.3,174,2.79,24963,59,7.3,3,consistency,3,1,0
338,39,female,59.2,176,1.27,21106,57,8.6,4,consistency,3,0,0
339,14,other,64.0,155,2.1,22333,68,6.9,3,habits,3,2,1
340,29,female,98.1,189,3.81,29899,79,8.6,4,performance,3,0,2
341,45,male,71.7,197,1.46,7121,29,7.1,1,habits,1,1,1
342,21,male,56.9,188,1.98,20308,78,7.8,3,habits,3,1,1
343,55,male,90.6,182,2.29,28431,103,9.0,4,consistency,3,1,0
344,60,female,84.3,156,1.35,12722,33,7.0,2,performance,1,0,2
345,51,female,85.1,155,0.85,17721,57,8.3,3,consistency,2,0,0
346,54,female,40.0,197,2.04,14601,55,6.6,2,performance,2,0,2
347,38,male,99.2,194,2.9,16064,114,7.7,5,performance,3,1,2
348,62,female,61.6,141,1.96,3661,28,5.7,1,habits,1,0,1
349,37,female,81.7,143,2.3,26115,45,6.8,3,habits,3,0,1
350,36,male,107.9,160,2.03,7617,25,6.0,1,habits,1,1,1
351,25,female,102.3,178,3.12,23512,78,8.5,3,performance,3,0,2
352,72,male,55.3,173,1.87,5311,29,8.8,1,habits,1,1,1
353,19,male,48.3,169,1.8,14962,37,6.8,2,performance,2,1,2
354,69,female,91.5,145,2.0,10094,53,6.4,2,habits,2,0,1
355,48,male,72.1,156,3.21,25503,84,6.2,5,habits,3,1,1
356,57,female,62.5,178,3.19,11903,66,7.5,2,habits,2,0,1
357,32,female,79.3,164,1.56,4885,41,6.5,1,habits,1,0,1
358,77,female,67.6,144,2.67,16500,73,6.9,4,performance,3,0,2
359,20,male,80.5,144,2.64,29687,58,8.9,3,habits,3,1,1
360,28,female,71.0,159,2.11,16568,60,7.2,5,habits,3,0,1
361,26,female,80.8,155,2.01,5311,37,7.7,1,habits,1,0,1
362,88,female,56.6,190,1.37,18281,60,7.4,3,habits,2,0,1
363,99,male,91.4,180,0.96,8367,43,5.8,2,habits,1,1,1
364,27,male,80.5,176,2.26,6766,16,5.3,1,habits,1,1,1
365,78,female,79.7,179,2.13,19089,42,7.8,3,performance,2,0,2
366,44,male,53.2,148,2.54,16865,59,9.0,3,habits,2,1,1
367,99,female,95.5,144,2.59,24597,83,7.7,4,habits,3,0,1
368,75,female,69.8,181,1.52,10035,75,7.8,2,consistency,2,0,0
369,98,female,80.9,196,2.17,10863,47,6.3,2,habits,2,0,1
370,63,female,65.2,141,1.34,9876,39,8.2,2,habits,1,0,1
371,37,female,73.9,148,3.77,15004,74,8.5,5,consistency,3,0,0
372,70,female,74.5,182,1.25,12851,34,6.5,2,habits,1,0,1
373,75,female,40.0,175,2.06,10228,61,7.7,2,consistency,2,0,0
374,74,female,78.7,161,1.47,13620,82,5.4,2,habits,2,0,1
375,34,male,99.5,161,2.8,17398,49,8.0,3,consistency,2,1,0
376,70,male,78.1,161,1.97,14930,32,6.6,2,performance,2,1,2
377,70,female,55.6,173,2.44,21608,95,6.3,5,habits,3,0,1
378,98,male,79.7,194,2.8,10674,54,7.6,2,habits,2,1,1
379,61,male,85.9,168,2.62,20861,75,5.6,4,habits,3,1,1
380,64,male,77.7,177,2.36,7582,63,7.4,1,habits,1,1,1
381,54,female,68.9,198,1.71,25005,39,6.2,3,performance,3,0,2
382,82,female,66.4,185,1.82,18342,59,6.2,5,consistency,3,0,0
383,27,female,66.3,172,2.08,4164,37,7.2,1,habits,1,0,1
384,66,female,80.5,157,2.58,17574,80,7.3,5,consistency,3,0,0
385,72,female,48.9,146,2.64,8111,44,8.7,2,habits,1,0,1
386,20,male,64.4,140,2.74,19593,116,6.2,5,consistency,3,1,0
387,65,female,93.9,172,2.54,20272,55,8.7,3,consistency,2,0,0
388,72,male,94.5,140,1.06,10631,41,6.1,2,consistency,1,1,0
389,17,female,47.8,163,3.32,3208,41,8.0,1,habits,1,0,1
390,80,female,53.0,143,2.09,13967,64,8.3,2,consistency,2,0,0
391,18,male,65.9,143,2.49,6442,29,7.4,1,habits,1,1,1
392,59,male,83.4,157,1.41,5711,37,6.3,1,consistency,1,1,0
393,67,male,42.6,166,2.22,5337,54,5.6,1,habits,1,1,1
394,52,male,69.2,182,1.29,10004,65,5.2,2,habits,2,1,1
395,64,male,62.9,198,2.92,16300,73,9.3,4,consistency,3,1,0
396,28,female,89.9,171,1.75,4400,76,6.8,1,performance,1,0,2
397,25,female,44.8,172,2.02,7950,69,6.0,1,habits,1,0,1
398,42,female,71.4,167,2.89,29418,38,6.2,3,performance,3,0,2
399,31,female,64.1,181,1.14,7012,14,7.3,1,consistency,1,0,0
400,29,female,92.0,180,1.52,3704,51,6.7,1,consistency,1,0,0
401,75,female,79.0,194,2.32,3825,60,5.2,1,performance,1,0,2
402,31,male,61.2,175,4.27,27045,76,8.4,5,habits,3,1,1
403,70,female,82.8,199,2.5,21670,62,7.7,4,performance,3,0,2
404,67,male,64.2,145,2.61,8061,37,9.0,2,habits,1,1,1
405,74,other,85.0,155,2.33,19385,42,8.4,3,habits,2,2,1
406,35,female,66.4,173,3.76,29755,77,4.2,3,consistency,3,0,0
407,21,female,85.8,162,1.18,23530,54,8.7,3,performance,3,0,2
408,24,male,76.5,189,2.47,17824,64,8.5,3,performance,2,1,2
409,13,female,118.9,181,1.26,21854,32,6.6,3,consistency,2,0,0
410,70,female,69.2,163,0.5,9875,65,6.8,2,consistency,1,0,0
411,13,male,75.7,195,2.21,7735,48,7.5,1,habits,1,1,1
412,46,male,62.8,188,2.3,12636,29,6.2,2,performance,2,1,2
413,60,female,70.0,152,2.4,28246,73,7.2,4,habits,3,0,1
414,13,male,40.0,195,2.33,23171,60,8.3,3,consistency,3,1,0
415,28,female,77.0,157,4.77,18490,63,7.9,4,consistency,3,0,0
416,73,male,90.1,193,2.62,23076,36,6.8,5,consistency,3,1,0
417,76,male,75.9,152,2.36,3622,30,8.1,1,habits,1,1,1
418,75,female,50.3,188,1.95,25925,64,7.6,3,performance,3,0,2
419,81,male,58.0,176,2.61,18767,51,7.6,3,consistency,2,1,0
420,34,female,40.0,182,2.63,28576,76,7.0,5,performance,3,0,2
421,79,male,84.7,178,2.51,27268,102,7.5,5,habits,3,1,1
422,88,male,54.9,181,3.67,17006,58,6.5,3,consistency,2,1,0
423,38,female,69.6,156,3.02,10049,18,5.3,2,consistency,1,0,0
424,28,female,67.7,154,2.7,18107,67,7.1,4,consistency,3,0,0
425,63,female,92.3,157,0.5,4686,41,7.0,1,performance,1,0,2
426,98,female,71.3,162,2.35,28799,57,7.5,4,habits,3,0,1
427,69,female,82.1,193,4.69,18330,91,8.7,5,habits,3,0,1
428,41,male,78.2,190,2.04,11904,28,6.5,2,habits,1,1,1
429,90,male,90.4,169,3.17,23722,57,6.9,3,habits,3,1,1
430,81,female,66.4,197,3.21,11796,27,8.0,2,performance,2,0,2
431,59,female,98.0,173,2.35,8292,45,6.4,2,habits,1,0,1
432,74,female,40.2,197,1.61,12679,60,7.4,2,habits,2,0,1
433,81,male,82.9,143,0.9,23432,67,7.0,4,habits,3,1,1
434,88,male,57.0,142,3.28,28292,76,7.3,5,consistency,3,1,0
435,28,female,62.6,146,2.23,16896,80,8.3,5,habits,3,0,1
436,60,female,78.5,195,2.12,6010,41,6.7,1,habits,1,0,1
437,97,female,78.4,157,1.73,18324,80,8.2,4,habits,3,0,1
438,51,female,79.1,181,2.21,28453,70,5.3,3,habits,3,0,1
439,45,female,49.2,146,2.22,10475,71,5.8,2,performance,2,0,2
440,35,male,91.7,179,2.19,4839,42,4.8,1,habits,1,1,1
441,22,male,56.5,145,1.42,11729,25,6.0,2,consistency,1,1,0
442,81,male,58.5,161,3.64,15782,92,9.4,5,performance,3,1,2
443,46,male,79.6,197,1.98,29642,80,7.3,3,consistency,3,1,0
444,64,female,65.7,140,1.23,19055,96,6.6,3,performance,3,0,2
445,22,male,74.6,143,2.12,13510,71,8.0,2,performance,2,1,2
446,31,female,40.0,185,2.42,23199,52,8.2,3,habits,3,0,1
447,70,male,74.3,188,2.11,4392,42,5.9,1,consistency,1,1,0
448,13,male,73.3,191,3.15,10972,45,9.7,2,habits,2,1,1
449,81,male,62.4,189,2.23,27862,53,7.6,3,habits,3,1,1
450,16,male,40.0,182,1.92,6008,38,7.5,1,performance,1,1,2
451,28,female,66.8,168,1.83,26981,89,7.9,4,consistency,3,0,0
452,36,male,69.4,160,2.77,11619,26,7.7,2,consistency,2,1,0
453,92,female,64.5,165,2.53,19051,44,6.7,3,consistency,2,0,0
454,14,male,42.5,153,1.91,11333,68,9.3,2,habits,2,1,1
455,44,male,93.9,148,1.07,23709,81,7.0,3,performance,3,1,2
456,96,male,60.4,198,3.01,5768,30,8.1,1,habits,1,1,1
457,36,female,66.7,186,1.14,6088,64,6.6,1,habits,1,0,1
458,24,female,40.0,151,2.39,20637,94,6.8,5,performance,3,0,2
459,62,male,93.9,181,2.45,12004,45,9.1,2,habits,2,1,1
460,47,male,63.0,190,1.76,29542,33,7.3,4,consistency,3,1,0
461,45,female,71.5,195,1.75,25908,54,7.5,5,consistency,3,0,0
462,45,male,86.8,190,0.71,8895,40,7.5,2,habits,1,1,1
463,73,male,59.9,145,2.7,11905,61,9.8,2,performance,2,1,2
464,63,female,84.4,159,2.02,19482,71,9.5,3,consistency,2,0,0
465,55,female,40.0,163,4.85,27699,73,8.8,5,habits,3,0,1
466,24,male,78.3,166,2.1,16865,76,10.0,5,habits,3,1,1
467,79,female,93.6,177,1.75,20489,59,6.4,3,performance,2,0,2
468,77,female,61.3,147,2.2,16376,66,8.1,4,habits,2,0,1
469,45,male,86.8,140,2.17,4050,42,7.2,1,performance,1,1,2
470,52,female,97.5,193,2.47,28647,79,5.7,5,habits,3,0,1
471,86,female,66.2,188,3.23,26130,54,8.0,5,consistency,3,0,0
472,55,male,64.9,188,1.31,5809,36,6.6,1,performance,1,1,2
473,56,male,56.5,163,1.23,10433,49,8.7,2,habits,1,1,1
474,41,male,62.4,186,0.74,7676,54,6.7,1,consistency,1,1,0
475,25,female,57.8,146,0.64,11383,37,6.7,2,consistency,1,0,0
476,24,male,56.5,158,2.24,24156,73,8.9,4,consistency,3,1,0
477,58,female,88.0,161,1.99,9301,58,7.1,2,consistency,2,0,0
478,14,female,58.2,196,1.56,3898,37,8.3,1,consistency,1,0,0
479,47,male,73.9,194,3.07,8758,23,7.6,2,consistency,1,1,0
480,99,female,70.6,199,3.66,28324,95,7.9,5,performance,3,0,2
481,93,male,92.5,174,2.17,19759,71,7.1,3,consistency,3,1,0
482,20,female,62.5,169,0.94,13644,53,7.7,2,habits,2,0,1
483,38,female,75.7,168,1.6,3769,40,7.0,1,performance,1,0,2
484,86,male,81.9,161,2.38,16887,53,6.7,5,habits,3,1,1
485,46,male,92.3,150,2.14,25639,81,7.3,4,habits,3,1,1
486,19,male,62.2,159,1.71,9068,72,8.5,2,habits,2,1,1
487,80,male,60.7,168,1.54,6424,23,7.6,1,habits,1,1,1
488,70,male,54.1,190,1.73,4091,60,7.9,1,habits,1,1,1
489,87,male,103.5,180,1.56,4196,56,7.1,1,habits,1,1,1
490,41,other,90.8,181,2.55,29484,42,5.4,3,habits,3,2,1
491,48,male,69.4,173,3.05,23046,74,6.3,5,consistency,3,1,0
492,33,male,99.0,140,1.56,8702,29,6.9,2,habits,1,1,1
493,48,female,68.5,170,3.49,21450,69,6.3,4,habits,3,0,1
494,22,male,80.9,169,1.51,8104,56,6.7,2,habits,1,1,1
495,85,other,70.2,187,1.27,16083,40,6.7,3,habits,2,2,1
496,36,female,76.0,157,2.67,23626,65,6.8,3,habits,3,0,1
497,76,female,74.4,194,1.43,5449,49,8.5,1,consistency,1,0,0
498,61,male,63.6,197,2.42,11517,59,7.1,2,performance,2,1,2
499,48,male,86.4,156,0.72,29717,66,8.2,3,performance,3,1,2
500,94,male,80.7,177,2.97,7301,21,7.3,1,performance,1,1,2
501,36,female,85.4,153,2.67,10010,48,8.6,2,habits,2,0,1
502,35,male,74.8,162,1.35,24664,65,8.3,3,habits,3,1,1
503,74,male,56.4,164,1.76,16099,101,6.9,5,habits,3,1,1
504,49,other,95.6,154,3.37,9988,50,9.2,2,consistency,2,2,0
505,24,male,66.1,185,2.08,17637,76,6.9,4,habits,3,1,1
506,67,male,75.5,195,1.62,9668,36,7.4,2,consistency,1,1,0
507,25,male,79.5,161,1.01,22744,52,7.8,4,habits,3,1,1
508,35,other,75.4,142,2.15,18413,40,7.8,3,habits,2,2,1
509,42,male,83.7,195,2.44,22457,63,8.2,4,performance,3,1,2
510,29,female,86.1,194,2.7,10841,80,6.4,2,consistency,2,0,0
511,74,female,66.6,158,1.42,16354,53,8.0,3,performance,2,0,2
512,96,male,94.4,196,1.34,21402,65,7.9,3,consistency,2,1,0
513,98,female,66.0,183,2.52,13524,58,7.2,2,performance,2,0,2
514,25,male,75.1,173,2.7,3002,23,6.9,1,consistency,1,1,0
515,71,male,64.2,174,0.9,6492,33,6.3,1,performance,1,1,2
516,31,female,59.9,189,2.76,4753,49,7.6,1,habits,1,0,1
517,61,female,85.7,140,2.63,23382,76,6.7,4,consistency,3,0,0
518,24,female,116.8,191,2.96,13113,20,7.4,2,consistency,2,0,0
519,73,female,64.6,160,2.15,12665,58,7.1,2,habits,2,0,1
520,31,male,88.2,168,0.63,19353,51,6.0,3,performance,2,1,2
521,88,male,65.1,145,2.09,10073,42,6.3,2,performance,1,1,2
522,21,male,69.8,176,3.14,29425,66,7.7,3,habits,3,1,1
523,83,male,96.4,140,1.37,4141,62,6.6,1,habits,1,1,1
524,40,male,53.9,190,2.53,23031,76,6.9,5,habits,3,1,1
525,90,male,49.9,140,2.48,19105,87,6.6,4,performance,3,1,2
526,64,male,68.7,166,0.57,24302,48,6.7,4,consistency,3,1,0
527,95,male,80.0,160,3.37,10821,51,8.8,2,habits,2,1,1
528,28,female,77.0,192,1.97,28125,61,6.3,4,consistency,3,0,0
529,81,female,75.4,155,2.35,7722,44,8.6,1,habits,1,0,1
530,24,male,70.5,183,1.94,7620,35,6.8,1,consistency,1,1,0
531,37,female,81.8,198,2.88,7008,19,6.4,1,habits,1,0,1
532,64,female,40.0,193,2.68,17175,46,7.7,3,habits,2,0,1
533,97,male,58.7,179,2.04,8266,25,7.3,2,consistency,1,1,0
534,65,female,68.6,165,1.77,29756,40,7.1,3,habits,3,0,1
535,35,female,80.6,155,2.56,7835,47,7.3,1,habits,1,0,1
536,28,female,92.3,167,0.89,13452,46,7.2,2,habits,2,0,1
537,69,male,56.7,140,2.85,25544,63,7.1,3,habits,3,1,1
538,51,female,91.9,175,1.43,10037,77,8.1,2,habits,2,0,1
539,65,male,63.2,149,3.28,20224,55,5.9,3,performance,3,1,2
540,54,female,68.1,182,2.31,8564,59,6.3,2,performance,2,0,2
541,70,female,78.7,156,3.05,28810,70,6.6,4,performance,3,0,2
542,51,female,67.0,196,2.46,17069,101,6.2,3,performance,3,0,2
543,26,female,86.7,198,0.97,9424,4,7.3,2,habits,1,0,1
544,17,female,63.9,162,1.6,12123,39,7.7,2,habits,2,0,1
545,47,male,64.2,146,2.87,23808,69,5.3,3,habits,3,1,1
546,99,male,85.8,183,2.72,19244,58,6.9,4,performance,3,1,2
547,87,female,58.6,192,3.03,9637,58,6.9,2,consistency,2,0,0
548,30,male,73.7,146,2.48,13894,49,6.9,2,habits,2,1,1
549,88,male,45.1,183,1.92,29634,82,6.1,4,habits,3,1,1
550,21,male,97.3,154,1.84,15171,43,7.0,3,consistency,2,1,0
551,86,male,88.1,173,2.27,9674,52,6.3,2,consistency,2,1,0
552,70,female,111.3,185,0.58,8791,56,6.9,2,performance,1,0,2
553,29,female,90.1,184,3.37,11582,51,5.5,2,habits,2,0,1
554,19,female,53.1,143,2.71,22983,62,7.0,3,performance,3,0,2
555,58,female,80.0,153,3.06,9309,68,6.5,2,habits,2,0,1
556,25,male,56.2,153,1.69,25446,54,7.2,5,consistency,3,1,0
557,52,male,93.7,155,3.07,12929,51,7.5,2,performance,2,1,2
558,54,female,53.5,146,3.76,12412,31,7.2,2,performance,2,0,2
559,21,male,52.8,171,1.48,23142,71,8.1,3,habits,3,1,1
560,62,female,45.9,158,3.34,15753,67,7.1,5,habits,3,0,1
561,39,female,62.7,141,2.6,26564,32,8.0,4,habits,3,0,1
562,78,male,59.7,149,1.12,12446,61,8.3,2,habits,2,1,1
563,17,female,51.1,189,2.75,20104,55,7.6,3,consistency,3,0,0
564,41,female,99.8,156,2.98,25915,65,7.3,3,performance,3,0,2
565,49,female,77.9,176,1.78,11929,71,7.6,2,habits,2,0,1
566,50,male,76.2,151,2.82,4482,45,7.4,1,habits,1,1,1
567,95,male,93.8,145,1.03,14027,52,8.2,2,habits,2,1,1
568,20,female,73.8,161,1.15,9617,49,8.0,2,performance,1,0,2
569,77,male,58.8,171,2.9,26202,62,8.3,5,performance,3,1,2
570,98,male,44.5,180,2.22,9520,46,7.2,2,habits,1,1,1
571,29,female,57.9,159,2.3,24417,109,7.8,5,habits,3,0,1
572,83,male,92.6,140,2.97,23359,54,7.6,3,consistency,3,1,0
573,57,female,51.2,193,2.77,18685,57,6.1,3,consistency,2,0,0
574,16,female,75.3,186,3.0,23277,78,8.4,3,habits,3,0,1
575,48,female,85.5,192,1.91,5764,16,5.4,1,performance,1,0,2
576,82,male,74.3,197,2.62,14935,59,7.9,2,performance,2,1,2
577,43,female,76.0,145,1.69,6765,16,7.4,1,consistency,1,0,0
578,31,male,79.8,158,3.84,22892,65,7.0,3,consistency,3,1,0
579,73,male,75.7,157,1.63,11179,49,7.6,2,habits,2,1,1
580,66,female,94.1,145,4.07,23191,79,7.8,4,consistency,3,0,0
581,51,male,54.4,184,2.22,11326,34,5.9,2,habits,2,1,1
582,86,male,73.6,172,1.04,3730,31,8.5,1,habits,1,1,1
583,31,female,42.7,162,3.16,9046,59,7.3,2,habits,2,0,1
584,51,male,40.0,162,2.89,15343,72,9.8,5,habits,3,1,1
585,79,male,68.8,165,3.0,24398,71,8.1,3,habits,3,1,1
586,57,female,78.2,152,3.06,11892,53,7.2,2,consistency,2,0,0
587,25,female,94.5,146,2.64,18081,53,6.6,3,consistency,2,0,0
588,70,female,106.3,154,1.59,3133,35,7.0,1,consistency,1,0,0
589,32,male,89.8,183,3.48,24449,80,7.6,5,habits,3,1,1
590,84,male,80.9,166,2.4,17291,56,8.8,3,habits,2,1,1
591,73,male,72.4,165,2.68,9381,60,8.4,2,performance,2,1,2
592,51,male,47.0,172,0.89,26614,54,7.8,3,habits,3,1,1
593,13,female,67.8,154,2.31,6307,31,8.9,1,performance,1,0,2
594,15,male,89.4,175,2.35,16653,93,5.5,5,habits,3,1,1
595,89,male,83.5,184,3.16,5060,33,7.6,1,consistency,1,1,0
596,74,female,50.7,194,2.84,21344,51,8.6,3,habits,3,0,1
597,75,female,79.2,166,2.37,13535,12,7.7,2,consistency,2,0,0
598,37,female,77.9,196,2.74,24106,44,6.0,3,performance,3,0,2
599,68,male,75.2,144,1.9,16438,57,8.8,4,performance,2,1,2
600,45,male,69.6,141,3.54,18016,51,8.1,3,performance,2,1,2
601,50,male,80.0,194,3.79,29819,49,7.6,3,habits,3,1,1
602,18,male,80.5,197,2.88,24652,84,7.5,4,consistency,3,1,0
603,70,female,60.4,172,3.11,5526,28,9.1,1,habits,1,0,1
604,56,female,76.8,155,1.8,8889,39,7.6,2,consistency,1,0,0
605,57,female,67.2,162,1.64,12748,52,7.0,2,habits,2,0,1
606,44,female,47.7,177,2.83,18079,63,6.7,5,performance,3,0,2
607,57,male,61.6,194,2.5,10333,73,8.0,2,performance,2,1,2
608,73,female,46.5,155,2.12,28703,72,8.3,3,habits,3,0,1
609,59,male,84.7,153,2.78,17258,42,7.4,3,habits,2,1,1
610,33,female,75.3,168,2.41,8110,65,6.6,2,habits,2,0,1
611,92,female,64.7,165,1.5,12715,68,8.5,2,consistency,2,0,0
612,97,male,91.3,174,2.56,8792,32,6.3,2,habits,1,1,1
613,87,male,71.0,154,2.8,14193,32,9.2,2,performance,2,1,2
614,48,other,48.5,142,2.32,13253,40,6.5,2,consistency,2,2,0
615,31,male,63.4,162,2.81,3975,18,5.8,1,consistency,1,1,0
616,32,male,94.5,168,1.75,28945,58,6.2,4,consistency,3,1,0
617,69,male,60.0,173,3.13,29329,73,6.4,5,habits,3,1,1
618,30,female,74.1,172,1.38,14813,57,7.0,2,performance,2,0,2
619,59,female,81.2,180,1.42,9309,51,6.7,2,consistency,1,0,0
620,61,female,78.8,180,1.56,4945,37,8.1,1,performance,1,0,2
621,26,male,106.7,162,1.74,23323,52,8.2,3,consistency,3,1,0
622,27,female,52.4,146,2.22,22588,50,7.2,4,consistency,3,0,0
623,43,male,53.9,142,1.85,7111,48,10.0,1,habits,1,1,1
624,13,female,52.6,197,2.59,6510,48,6.9,1,consistency,1,0,0
625,66,female,65.6,171,2.38,20083,60,7.3,4,consistency,3,0,0
626,15,male,86.5,170,1.29,24413,43,6.0,3,consistency,3,1,0
627,28,male,54.5,157,2.8,3567,63,7.0,1,consistency,1,1,0
628,99,male,86.7,182,1.81,24955,63,7.6,3,habits,3,1,1
629,69,male,70.5,146,2.16,12111,55,6.0,2,performance,2,1,2
630,87,male,53.4,180,2.51,13465,56,6.7,2,performance,2,1,2
631,24,female,43.7,140,2.74,16284,51,7.7,4,habits,2,0,1
632,86,female,47.1,153,3.37,15689,92,6.9,4,performance,3,0,2
633,28,male,60.0,191,2.54,12382,43,6.5,2,habits,2,1,1
634,84,male,67.5,171,2.2,19782,92,8.3,5,consistency,3,1,0
635,88,male,90.2,145,3.72,8879,71,5.9,2,habits,2,1,1
636,36,female,82.0,178,2.74,27627,71,6.3,4,performance,3,0,2
637,40,male,57.4,149,2.1,9216,32,7.4,2,habits,1,1,1
638,20,female,76.1,146,3.27,16996,32,8.2,4,habits,2,0,1
639,48,female,94.8,165,2.97,19381,79,7.8,5,habits,3,0,1
640,20,female,98.1,173,2.28,5280,43,6.9,1,habits,1,0,1
641,70,female,65.3,169,4.54,24301,71,7.2,5,consistency,3,0,0
642,72,male,84.4,175,2.41,28137,72,8.4,4,habits,3,1,1
643,62,female,90.8,160,2.38,15429,76,8.3,4,consistency,2,0,0
644,40,male,47.4,199,2.28,11714,64,7.2,2,performance,2,1,2
645,53,male,62.3,156,3.35,27318,66,7.1,4,performance,3,1,2
646,76,female,103.3,172,1.55,18781,69,7.4,4,performance,3,0,2
647,39,female,65.5,149,0.82,8885,47,6.5,2,habits,1,0,1
648,75,female,40.0,190,2.39,23631,80,7.3,5,habits,3,0,1
649,29,male,68.2,186,0.86,6348,32,6.6,1,consistency,1,1,0
650,85,male,86.9,181,1.7,4487,32,7.0,1,habits,1,1,1
651,45,female,70.1,190,2.75,25110,53,6.8,3,performance,3,0,2
652,96,male,80.7,151,1.78,19507,62,7.8,3,habits,2,1,1
653,89,female,84.1,195,1.4,15527,47,8.1,3,performance,2,0,2
654,41,female,64.7,155,2.05,3325,33,6.7,1,habits,1,0,1
655,25,female,62.2,180,3.4,17996,107,6.7,5,performance,3,0,2
656,58,male,72.3,171,0.81,7162,53,7.8,1,habits,1,1,1
657,47,male,72.7,154,2.57,3303,25,7.3,1,habits,1,1,1
658,18,male,70.8,166,2.57,7579,52,6.7,1,consistency,1,1,0
659,94,female,71.4,167,3.07,21817,69,8.7,3,habits,3,0,1
660,81,male,58.8,156,3.65,29326,78,6.9,5,consistency,3,1,0
661,59,female,81.3,185,3.94,29772,49,5.3,3,consistency,3,0,0
662,37,male,79.0,198,2.35,15703,57,6.7,4,habits,2,1,1
663,78,other,50.0,189,2.08,3095,43,8.7,1,performance,1,2,2
664,22,male,64.2,197,2.11,23556,47,7.0,3,habits,3,1,1
665,68,male,71.4,141,2.2,11611,66,6.7,2,consistency,2,1,0
666,42,male,62.0,175,3.27,8461,70,7.2,2,consistency,2,1,0
667,17,female,79.6,189,1.06,6467,39,8.1,1,consistency,1,0,0
668,45,female,69.0,146,1.8,23367,77,7.2,3,habits,3,0,1
669,77,female,72.5,152,3.36,28460,53,7.9,3,habits,3,0,1
670,30,male,64.0,154,3.31,20297,59,7.2,4,consistency,3,1,0
671,61,male,40.1,164,1.95,13012,66,7.8,2,habits,2,1,1
672,23,female,40.0,162,2.6,6364,63,7.3,1,habits,1,0,1
673,97,male,78.8,199,2.64,20378,89,6.9,3,consistency,3,1,0
674,38,male,74.0,161,3.05,7905,44,7.4,1,consistency,1,1,0
675,75,other,76.6,165,2.65,15305,82,6.9,4,habits,3,2,1
676,98,other,72.0,172,3.12,20497,64,5.9,3,habits,3,2,1
677,71,female,73.2,150,3.85,3951,61,7.1,1,habits,1,0,1
678,39,female,84.5,149,3.22,17390,86,6.2,5,habits,3,0,1
679,61,male,76.7,164,2.43,25395,72,7.9,3,habits,3,1,1
680,89,male,85.6,176,2.51,3819,22,7.1,1,habits,1,1,1
681,45,female,72.6,187,2.14,22222,56,8.7,3,performance,3,0,2
682,13,female,65.5,182,3.87,8525,62,6.9,2,consistency,2,0,0
683,33,male,72.9,192,2.73,16465,80,7.4,4,habits,3,1,1
684,67,male,57.5,177,2.41,22852,83,5.9,4,habits,3,1,1
685,18,male,64.3,180,2.22,26463,81,6.4,5,consistency,3,1,0
686,93,female,72.7,184,3.17,15402,50,5.6,3,habits,2,0,1
687,81,female,72.5,163,2.81,12491,49,8.3,2,consistency,2,0,0
688,17,female,68.4,179,2.25,21940,70,6.9,4,performance,3,0,2
689,15,male,49.2,185,2.4,4605,43,8.4,1,consistency,1,1,0
690,65,other,79.5,195,1.34,23095,45,4.6,3,habits,2,2,1
691,35,female,82.5,172,2.53,24993,56,8.8,3,consistency,3,0,0
692,65,male,94.7,156,2.32,7071,38,7.0,1,performance,1,1,2
693,49,male,76.6,163,3.4,10792,16,7.5,2,consistency,2,1,0
694,86,male,70.0,176,2.06,19544,82,6.3,4,consistency,3,1,0
695,86,male,54.8,196,1.71,23934,72,7.9,4,habits,3,1,1
696,95,female,92.4,141,1.37,7207,43,6.7,1,habits,1,0,1
697,29,male,73.7,171,1.06,4440,32,5.9,1,consistency,1,1,0
698,97,female,72.9,196,3.14,10685,58,6.0,2,performance,2,0,2
699,90,male,66.2,199,3.68,21850,57,6.2,4,consistency,3,1,0
700,85,male,65.2,163,2.22,6711,29,7.5,1,consistency,1,1,0
701,13,male,80.3,148,3.25,15750,69,6.7,3,habits,2,1,1
702,63,male,54.7,143,2.09,7996,45,5.5,1,habits,1,1,1
703,57,female,94.4,156,2.33,19062,40,7.7,3,consistency,2,0,0
704,89,female,91.1,156,1.97,14004,73,5.0,2,habits,2,0,1
705,16,female,64.7,192,2.38,22434,58,8.7,4,consistency,3,0,0
706,74,female,57.0,189,1.12,11220,48,9.2,2,habits,1,0,1
707,77,male,40.0,187,2.58,16617,86,6.0,3,consistency,2,1,0
708,44,male,51.2,169,2.17,11563,19,8.3,2,performance,1,1,2
709,46,male,80.9,179,2.92,17530,34,7.6,3,habits,2,1,1
710,84,female,74.7,197,2.67,18333,76,6.9,4,habits,3,0,1
711,51,male,77.4,150,1.89,3600,2,6.6,1,consistency,1,1,0
712,38,male,42.3,160,1.99,24789,39,8.1,4,performance,3,1,2
713,46,female,64.1,160,2.45,29468,77,7.3,3,consistency,3,0,0
714,66,male,90.5,157,2.52,7313,33,4.5,1,habits,1,1,1
715,15,male,68.6,194,1.4,8999,82,9.3,2,habits,2,1,1
716,62,male,50.9,168,2.06,5218,24,7.5,1,habits,1,1,1
717,24,female,68.3,163,2.56,29546,55,7.2,3,habits,3,0,1
718,77,female,58.4,149,2.1,20082,78,6.7,4,performance,3,0,2
719,66,female,75.0,184,1.59,3056,47,6.9,1,performance,1,0,2
720,17,male,70.3,156,2.56,15252,56,8.6,3,habits,2,1,1
721,69,other,78.1,157,1.81,19133,60,7.7,4,habits,3,2,1
722,29,female,51.7,181,3.04,23820,83,7.9,5,habits,3,0,1
723,59,male,63.3,187,1.77,18476,80,6.1,3,performance,2,1,2
724,35,female,86.4,159,3.54,24178,91,7.2,5,consistency,3,0,0
725,91,male,49.7,176,4.04,16725,50,7.4,3,consistency,2,1,0
726,97,female,55.0,184,1.6,10977,35,7.9,2,habits,1,0,1
727,26,female,73.0,157,2.97,28765,59,7.0,4,consistency,3,0,0
728,78,male,74.3,156,1.69,12446,30,8.1,2,habits,1,1,1
729,87,other,62.7,148,2.93,11793,52,6.1,2,habits,2,2,1
730,63,female,65.8,153,1.31,10070,62,7.3,2,consistency,1,0,0
731,50,female,78.0,188,2.94,27270,68,7.3,4,consistency,3,0,0
732,76,male,82.7,168,1.99,25472,95,5.9,4,habits,3,1,1
733,50,male,54.0,170,2.06,13162,76,7.2,2,habits,2,1,1
734,62,male,75.5,143,1.48,10513,54,6.6,2,habits,1,1,1
735,94,female,92.7,157,2.78,12135,60,8.6,2,habits,2,0,1
736,42,male,68.3,198,1.81,26078,46,6.9,3,consistency,3,1,0
737,91,female,53.8,159,2.59,12270,44,7.6,2,performance,2,0,2
738,63,female,53.1,195,2.36,21301,89,6.2,4,habits,3,0,1
739,75,male,67.6,195,2.12,11603,41,7.4,2,habits,2,1,1
740,64,female,85.5,186,2.3,13580,72,6.8,2,habits,2,0,1
741,50,male,69.4,182,1.47,4559,56,6.3,1,consistency,1,1,0
742,91,other,72.8,183,2.35,9216,61,10.0,2,habits,2,2,1
743,42,female,55.1,148,3.87,23698,62,7.1,5,consistency,3,0,0
744,63,male,84.7,152,1.66,12931,45,7.0,2,habits,2,1,1
745,93,male,52.8,154,2.82,5926,49,8.0,1,consistency,1,1,0
746,17,male,62.4,166,3.25,11811,35,6.4,2,performance,2,1,2
747,41,female,79.4,154,1.63,13155,47,7.6,2,performance,2,0,2
748,16,female,40.0,167,0.98,5612,51,7.6,1,performance,1,0,2
749,22,female,72.6,176,2.41,12993,41,7.4,2,consistency,2,0,0
750,68,male,54.4,194,2.02,25096,47,9.6,3,performance,3,1,2
751,29,male,70.2,158,3.71,27562,32,6.5,3,habits,3,1,1
752,86,male,64.7,165,2.22,14862,44,8.7,2,habits,2,1,1
753,29,female,101.6,191,1.64,8931,61,7.7,2,habits,1,0,1
754,96,female,64.1,165,2.0,20046,66,8.4,5,consistency,3,0,0
755,81,male,97.6,164,2.96,14533,50,7.5,2,performance,2,1,2
756,46,male,78.8,165,1.8,12002,46,9.1,2,habits,2,1,1
757,18,female,58.0,165,2.23,14693,40,6.9,2,consistency,2,0,0
758,65,female,75.0,185,2.87,10978,62,7.7,2,consistency,2,0,0
759,78,female,65.4,167,2.26,24292,94,8.7,4,performance,3,0,2
760,89,female,73.6,188,2.17,13321,65,6.6,2,consistency,2,0,0
761,55,male,59.3,157,2.39,24828,49,8.3,3,performance,3,1,2
762,87,male,95.4,171,2.48,3048,69,7.1,1,habits,1,1,1
763,35,female,83.9,192,2.61,13157,65,6.0,2,habits,2,0,1
764,67,female,70.5,142,2.45,15038,63,5.9,4,consistency,2,0,0
765,92,male,95.9,141,2.24,12595,38,7.1,2,habits,2,1,1
766,87,female,71.1,172,2.14,18084,76,8.3,3,habits,2,0,1
767,28,female,86.5,181,1.17,10918,52,5.1,2,consistency,1,0,0
768,20,female,70.6,158,2.58,27431,47,7.5,3,consistency,3,0,0
769,16,female,75.9,156,3.32,5228,37,8.0,1,consistency,1,0,0
770,16,male,68.8,183,1.98,21598,63,6.1,4,habits,3,1,1
771,68,female,71.4,172,1.46,3612,27,6.5,1,consistency,1,0,0
772,37,female,72.6,151,1.99,15758,85,8.0,4,habits,3,0,1
773,79,female,60.0,188,2.71,8335,61,8.0,2,habits,2,0,1
774,79,female,64.0,195,2.71,22066,72,8.9,3,consistency,3,0,0
775,39,female,66.7,142,2.09,11021,62,6.6,2,habits,2,0,1
776,44,male,73.4,182,2.16,15764,66,6.7,5,habits,3,1,1
777,62,female,69.5,188,2.06,3248,30,8.8,1,consistency,1,0,0
778,73,female,87.6,194,0.9,3637,61,6.3,1,habits,1,0,1
779,63,female,82.7,165,2.3,14029,51,7.7,2,performance,2,0,2
780,31,female,67.1,174,2.61,4904,17,9.3,1,consistency,1,0,0
781,33,female,90.7,147,1.12,6587,43,7.9,1,performance,1,0,2
782,17,male,98.1,191,1.73,29854,89,8.3,5,habits,3,1,1
783,94,female,40.0,175,3.91,19029,87,8.8,5,consistency,3,0,0
784,54,male,84.0,192,1.77,13657,35,7.7,2,habits,2,1,1
785,73,male,59.6,193,3.6,26885,108,8.3,5,performance,3,1,2
786,34,female,82.0,146,2.29,26377,37,7.0,3,habits,3,0,1
787,33,female,88.6,185,2.09,12006,51,8.4,2,habits,2,0,1
788,82,male,56.8,185,2.71,21445,86,7.7,3,performance,3,1,2
789,13,male,42.2,175,1.78,22443,68,5.8,3,habits,3,1,1
790,17,female,82.5,155,2.89,16317,92,7.7,5,habits,3,0,1
791,24,male,72.0,163,1.93,9082,34,5.0,2,habits,1,1,1
792,58,male,45.0,193,1.48,22527,65,8.0,3,consistency,3,1,0
793,46,male,107.9,140,2.24,6504,39,6.9,1,habits,1,1,1
794,61,male,79.4,188,1.82,5517,23,9.0,1,habits,1,1,1
795,90,male,80.1,164,1.89,5397,52,7.6,1,habits,1,1,1
796,57,male,90.5,149,1.95,29758,67,8.4,5,consistency,3,1,0
797,39,male,61.3,193,3.71,27179,59,6.4,4,consistency,3,1,0
798,85,female,72.0,155,3.21,28137,76,8.1,4,habits,3,0,1
799,38,female,50.2,155,3.07,19145,57,6.7,3,habits,2,0,1
800,59,female,60.9,197,1.99,14573,52,8.3,2,habits,2,0,1
801,98,male,75.8,147,0.79,3309,36,6.0,1,habits,1,1,1
802,68,male,45.0,168,3.57,11022,71,7.3,2,habits,2,1,1
803,75,female,60.5,178,2.16,10584,36,6.0,2,habits,1,0,1
804,60,male,56.1,167,2.08,29997,63,7.5,4,consistency,3,1,0
805,73,female,72.1,145,2.69,17612,67,9.3,3,performance,2,0,2
806,93,female,78.6,155,2.82,7865,25,7.8,1,habits,1,0,1
807,38,female,81.1,159,1.98,3015,24,7.1,1,consistency,1,0,0
808,48,male,85.0,155,2.9,3605,42,4.6,1,consistency,1,1,0
809,13,male,90.6,146,2.96,9368,63,6.7,2,consistency,2,1,0
810,20,female,79.1,180,2.05,21954,94,8.0,5,performance,3,0,2
811,64,male,98.3,153,1.93,28974,61,6.8,3,habits,3,1,1
812,91,female,71.8,182,3.27,29028,59,8.8,4,habits,3,0,1
813,59,female,67.4,165,0.5,9517,54,7.3,2,consistency,1,0,0
814,68,other,79.1,165,2.1,13452,58,8.3,2,habits,2,2,1
815,98,male,66.8,153,1.0,7120,43,7.3,1,habits,1,1,1
816,26,female,97.8,146,2.27,17928,88,7.1,4,habits,3,0,1
817,40,female,87.0,172,2.39,29248,54,6.9,4,habits,3,0,1
818,99,male,81.3,165,1.75,7666,29,6.1,1,consistency,1,1,0
819,90,male,72.0,196,2.01,22681,76,8.4,3,habits,3,1,1
820,14,female,63.9,184,1.43,10696,27,6.8,2,habits,1,0,1
821,38,male,80.5,159,4.0,25573,51,7.8,3,habits,3,1,1
822,26,male,53.1,142,4.11,19127,69,7.0,5,habits,3,1,1
823,71,male,93.0,191,1.59,19963,36,6.2,3,performance,2,1,2
824,68,female,67.3,143,3.51,26137,57,7.9,3,habits,3,0,1
825,19,female,74.6,165,1.72,7539,51,6.4,1,performance,1,0,2
826,15,female,56.4,150,2.09,6046,42,6.7,1,consistency,1,0,0
827,35,male,80.8,141,1.96,5415,51,5.9,1,consistency,1,1,0
828,30,male,63.2,153,1.54,5389,57,6.6,1,habits,1,1,1
829,50,female,79.7,183,3.09,28971,54,7.3,3,habits,3,0,1
830,27,female,81.4,169,2.49,23792,99,7.0,3,performance,3,0,2
831,76,male,60.3,188,1.67,4973,34,7.9,1,performance,1,1,2
832,40,female,53.1,151,1.69,24776,66,7.5,4,habits,3,0,1
833,86,other,93.0,165,1.37,3877,29,10.0,1,habits,1,2,1
834,51,female,67.1,183,1.05,8672,58,7.6,2,habits,1,0,1
835,69,female,73.4,172,2.21,10911,45,5.5,2,performance,2,0,2
836,29,female,77.3,152,1.36,14982,48,7.0,2,habits,2,0,1
837,98,male,51.2,153,2.01,8530,46,7.1,2,consistency,1,1,0
838,56,female,76.9,163,3.16,13409,46,6.6,2,consistency,2,0,0
839,37,other,71.5,173,3.04,11021,52,7.3,2,consistency,2,2,0
840,29,male,60.3,183,2.78,27807,73,6.9,5,consistency,3,1,0
841,25,female,52.7,165,1.94,5201,33,7.4,1,habits,1,0,1
842,96,female,79.1,160,3.32,6597,56,5.2,1,performance,1,0,2
843,37,female,86.9,167,2.36,4203,35,8.2,1,consistency,1,0,0
844,80,female,72.7,187,2.17,29119,65,5.7,3,consistency,3,0,0
845,22,female,48.5,175,1.0,6875,26,6.8,1,habits,1,0,1
846,79,female,54.1,179,2.88,19378,63,6.7,4,consistency,3,0,0
847,30,male,63.5,141,2.98,27648,41,7.6,3,habits,3,1,1
848,98,female,93.5,181,1.96,26921,87,7.1,3,habits,3,0,1
849,46,male,66.3,148,2.6,20154,80,7.6,3,consistency,3,1,0
850,20,male,63.0,162,1.75,7348,48,8.2,1,consistency,1,1,0
851,52,male,44.9,154,1.87,6131,72,7.9,1,consistency,1,1,0
852,95,female,60.1,152,0.5,10834,61,7.2,2,habits,1,0,1
853,54,male,51.5,162,2.24,28246,57,7.8,3,consistency,3,1,0
854,53,female,55.0,156,2.88,10479,55,9.2,2,habits,2,0,1
855,18,female,71.8,187,1.56,5336,60,7.9,1,consistency,1,0,0
856,64,female,64.0,199,2.84,16639,66,7.2,5,habits,3,0,1
857,38,male,95.5,141,1.47,3497,22,8.4,1,consistency,1,1,0
858,76,female,86.2,159,2.85,21385,76,7.8,4,performance,3,0,2
859,71,female,60.9,159,2.45,23222,61,6.4,4,habits,3,0,1
860,68,female,56.2,198,1.54,13638,16,7.0,2,habits,1,0,1
861,71,male,90.7,185,2.93,3857,21,5.6,1,consistency,1,1,0
862,82,male,94.9,142,2.65,3520,35,4.8,1,consistency,1,1,0
863,45,male,40.0,194,1.98,20480,60,6.4,3,consistency,2,1,0
864,65,male,71.4,151,2.75,23424,61,7.4,3,consistency,3,1,0
865,34,male,66.2,179,2.98,22777,100,7.5,4,habits,3,1,1
866,33,female,79.7,141,3.25,28345,76,6.1,5,habits,3,0,1
867,82,male,99.1,175,1.21,20362,64,4.9,3,habits,2,1,1
868,82,male,62.7,153,2.7,3015,15,8.6,1,habits,1,1,1
869,16,male,40.0,155,1.8,14825,49,7.3,2,consistency,2,1,0
870,87,male,78.7,158,2.35,17818,75,9.0,4,habits,3,1,1
871,74,male,90.8,173,4.05,12649,29,8.7,2,performance,2,1,2
872,74,male,65.4,183,2.21,5016,25,7.8,1,performance,1,1,2
873,36,male,59.4,185,2.13,23493,67,7.4,3,performance,3,1,2
874,67,female,63.4,145,0.66,13393,41,6.8,2,performance,1,0,2
875,21,other,82.8,152,3.77,26042,78,8.2,5,habits,3,2,1
876,15,male,63.2,175,1.46,17944,68,7.1,3,performance,2,1,2
877,43,male,74.9,161,1.3,4088,70,6.5,1,habits,1,1,1
878,52,female,70.4,157,2.57,21255,76,5.4,5,habits,3,0,1
879,48,male,68.9,151,3.19,14867,76,7.1,2,consistency,2,1,0
880,36,male,80.5,191,2.74,11727,20,8.3,2,habits,2,1,1
881,18,female,62.8,198,2.09,10404,52,8.5,2,performance,2,0,2
882,78,male,63.5,193,2.22,4289,34,7.2,1,consistency,1,1,0
883,96,female,82.0,169,1.78,11546,42,6.3,2,consistency,2,0,0
884,87,female,55.2,192,2.1,7044,49,8.0,1,habits,1,0,1
885,16,male,56.8,190,2.25,13625,46,7.2,2,consistency,2,1,0
886,91,male,51.1,179,2.88,10303,19,6.8,2,habits,1,1,1
887,18,female,82.7,146,3.28,29241,46,5.9,4,performance,3,0,2
888,63,male,68.4,171,2.95,27090,80,9.5,4,habits,3,1,1
889,74,male,50.3,187,1.75,6536,15,7.8,1,consistency,1,1,0
890,69,female,82.8,158,2.72,12374,61,8.0,2,habits,2,0,1
891,78,female,61.7,145,2.14,9082,51,6.3,2,habits,1,0,1
892,91,male,56.9,159,1.24,4844,37,7.2,1,habits,1,1,1
893,87,female,67.1,166,2.32,18855,68,7.3,4,habits,3,0,1
894,20,male,92.2,192,2.46,28817,67,8.1,3,consistency,3,1,0
895,38,female,64.1,182,2.64,4262,22,8.5,1,habits,1,0,1
896,63,female,78.6,176,2.07,13941,50,5.8,2,habits,2,0,1
897,57,female,80.9,187,1.15,4018,22,6.0,1,consistency,1,0,0
898,56,female,76.6,146,2.44,21037,62,7.9,3,habits,3,0,1
899,17,other,89.1,198,2.08,6524,49,6.6,1,habits,1,2,1
900,82,male,59.4,144,2.93,17059,82,8.3,5,performance,3,1,2
901,38,female,54.3,150,3.24,24290,79,7.0,4,habits,3,0,1
902,80,male,54.1,154,2.91,14472,39,6.0,2,habits,2,1,1
903,31,male,67.8,142,1.98,16714,59,5.5,3,habits,2,1,1
904,96,male,55.8,197,2.37,17688,76,8.0,5,habits,3,1,1
905,32,female,72.2,144,1.67,25522,55,7.8,3,consistency,3,0,0
906,24,other,71.2,162,2.49,7107,27,8.1,1,habits,1,2,1
907,59,male,85.3,192,3.21,14004,43,7.5,2,consistency,2,1,0
908,13,male,74.4,176,2.38,24224,53,4.0,4,habits,3,1,1
909,26,female,63.8,148,2.23,16332,34,7.8,3,habits,2,0,1
910,76,male,76.2,154,3.43,28621,49,5.8,3,habits,3,1,1
911,50,male,54.5,142,2.95,21820,79,5.5,4,consistency,3,1,0
912,49,female,69.4,168,2.91,29761,73,5.4,4,performance,3,0,2
913,23,female,74.8,145,1.97,25032,61,5.4,5,consistency,3,0,0
914,89,other,71.9,156,2.48,7862,33,7.4,1,performance,1,2,2
915,15,male,76.2,165,1.75,29015,70,6.6,3,habits,3,1,1
916,45,male,60.3,160,1.61,19686,53,5.8,3,habits,2,1,1
917,18,female,87.3,147,2.36,29002,48,7.4,4,habits,3,0,1
918,62,female,97.3,160,1.99,25330,93,6.2,3,habits,3,0,1
919,22,female,46.0,196,1.84,6667,37,8.1,1,habits,1,0,1
920,17,female,51.8,150,1.59,19091,52,8.9,4,habits,2,0,1
921,35,male,70.6,177,3.07,15443,62,7.1,3,habits,2,1,1
922,22,female,66.2,147,2.79,4469,38,8.5,1,habits,1,0,1
923,56,male,98.4,181,0.84,8709,26,8.6,2,habits,1,1,1
924,14,male,73.3,163,2.68,4513,41,7.2,1,habits,1,1,1
925,25,female,90.9,174,1.63,10732,64,8.9,2,performance,2,0,2
926,52,male,40.0,194,2.6,4451,36,6.5,1,habits,1,1,1
927,14,male,82.2,153,2.15,11099,19,5.2,2,consistency,1,1,0
928,96,female,59.3,194,2.42,18037,65,5.7,3,consistency,2,0,0
929,77,male,59.0,153,2.27,26577,69,6.6,3,habits,3,1,1
930,75,female,66.3,149,3.25,26510,51,7.8,3,habits,3,0,1
931,85,male,48.6,151,1.73,15233,61,6.2,4,habits,2,1,1
932,29,female,76.6,177,2.63,14693,83,6.5,2,consistency,2,0,0
933,21,male,72.9,183,2.77,4612,30,5.9,1,habits,1,1,1
934,87,male,74.0,194,3.1,25222,53,6.7,4,habits,3,1,1
935,27,other,83.3,185,3.63,3555,40,8.4,1,habits,1,2,1
936,36,female,92.7,173,2.43,15386,88,7.9,5,performance,3,0,2
937,50,female,64.5,180,3.27,16634,77,6.8,4,habits,3,0,1
938,47,male,77.2,149,2.33,23110,22,8.5,3,consistency,2,1,0
939,61,female,74.4,197,3.66,19133,70,7.5,5,habits,3,0,1
940,81,female,75.7,156,1.99,6030,57,7.2,1,performance,1,0,2
941,74,female,75.9,156,1.93,8011,54,8.3,2,consistency,1,0,0
942,72,female,93.9,142,3.31,16967,41,7.0,3,habits,2,0,1
943,62,male,63.1,170,1.86,9748,68,8.1,2,performance,2,1,2
944,90,male,47.1,190,1.81,22284,94,8.3,5,consistency,3,1,0
945,87,female,59.5,140,1.64,3074,35,7.0,1,habits,1,0,1
946,21,male,81.4,151,2.83,20145,73,5.9,3,habits,3,1,1
947,46,male,70.3,178,3.37,20767,89,7.3,3,consistency,3,1,0
948,88,female,63.0,143,2.48,23753,44,8.4,3,performance,3,0,2
949,47,female,53.9,181,3.12,13774,58,8.0,2,consistency,2,0,0
950,13,female,73.3,152,1.25,8179,79,8.9,2,consistency,1,0,0
951,52,female,79.7,173,2.29,25121,79,6.9,4,consistency,3,0,0
952,76,female,74.6,181,1.8,4790,28,7.9,1,habits,1,0,1
953,34,male,66.2,160,2.52,28092,73,6.4,4,consistency,3,1,0
954,72,male,72.2,161,2.46,29489,80,7.5,3,habits,3,1,1
955,76,male,72.1,196,3.08,17779,54,8.5,4,performance,3,1,2
956,84,male,72.8,143,2.09,24867,59,8.2,3,consistency,3,1,0
957,23,female,52.2,157,2.3,8886,46,7.3,2,consistency,1,0,0
958,26,male,73.0,144,2.37,21192,50,7.0,3,habits,2,1,1
959,72,male,63.4,158,1.95,16677,73,6.4,4,habits,2,1,1
960,42,male,85.6,141,2.12,13285,48,7.0,2,habits,2,1,1
961,47,male,72.0,151,2.7,26938,89,6.2,5,consistency,3,1,0
962,97,male,82.5,156,2.08,9519,67,6.9,2,consistency,2,1,0
963,49,male,65.5,149,2.02,6286,20,5.3,1,habits,1,1,1
964,17,male,66.0,173,2.25,14856,51,5.9,2,consistency,2,1,0
965,95,male,92.4,145,2.5,22211,79,8.4,5,performance,3,1,2
966,90,male,76.5,147,3.09,14457,53,7.9,2,habits,2,1,1
967,38,female,59.3,190,1.78,18841,69,7.1,4,habits,3,0,1
968,74,male,83.5,150,2.1,22098,55,7.5,4,consistency,3,1,0
969,16,male,62.0,196,4.15,13054,71,7.4,2,consistency,2,1,0
970,54,female,73.4,151,1.27,4070,68,7.6,1,consistency,1,0,0
971,30,male,97.6,148,1.45,29097,68,7.7,3,consistency,3,1,0
972,52,female,48.5,141,2.71,11976,58,5.9,2,performance,2,0,2
973,84,female,67.4,147,1.15,15594,71,5.0,4,habits,2,0,1
974,51,male,76.1,197,2.04,8338,64,6.2,2,habits,1,1,1
975,26,female,81.5,150,3.7,9516,13,7.0,2,habits,1,0,1
976,44,male,51.4,199,1.52,27288,69,8.4,4,habits,3,1,1
977,63,female,47.0,192,0.81,11582,41,7.4,2,habits,1,0,1
978,50,male,86.4,175,1.15,14509,52,7.7,2,habits,2,1,1
979,35,female,59.2,149,2.83,13491,66,6.3,2,performance,2,0,2
980,75,male,58.6,160,2.99,8914,50,7.1,2,performance,2,1,2
981,27,female,93.3,159,2.04,19766,54,7.4,3,habits,2,0,1
982,37,female,71.0,187,3.08,18358,48,6.6,4,consistency,3,0,0
983,29,male,71.1,147,3.17,12570,48,6.1,2,consistency,2,1,0
984,78,male,67.3,175,3.65,24793,70,7.1,3,performance,3,1,2
985,90,female,51.6,168,2.23,15914,47,8.0,3,consistency,2,0,0
986,65,female,80.1,181,0.59,9483,19,6.3,2,habits,1,0,1
987,63,male,76.1,151,1.63,10074,84,7.0,2,consistency,2,1,0
988,51,female,72.5,153,2.5,22625,85,8.9,5,consistency,3,0,0
989,63,other,68.3,187,2.22,15094,56,6.8,3,consistency,2,2,0
990,82,female,65.6,193,2.27,23684,80,7.3,3,performance,3,0,2
991,18,male,83.7,189,3.18,18069,62,7.2,3,performance,2,1,2
992,79,female,67.9,160,2.89,3679,59,6.9,1,consistency,1,0,0
993,19,male,69.0,161,2.28,16046,78,9.0,3,consistency,2,1,0
994,63,other,77.9,160,3.17,17803,40,7.6,3,performance,2,2,2
995,84,female,73.1,183,2.65,20334,66,5.7,3,habits,3,0,1
996,54,male,94.6,189,2.25,13470,75,8.7,2,habits,2,1,1
997,76,female,43.6,169,2.63,6126,25,7.4,1,habits,1,0,1
998,27,male,74.5,178,2.05,3683,25,6.7,1,performance,1,1,2
999,41,other,59.4,159,4.24,28142,67,8.8,5,consistency,3,2,0
1000,45,other,55.9,163,1.19,8981,63,6.4,2,habits,1,2,1
1001,39,female,63.1,162,1.84,10476,54,8.9,2,performance,2,0,2
1002,48,male,70.8,146,1.91,6280,10,7.2,1,consistency,1,1,0
1003,41,female,71.5,148,2.31,4033,45,8.1,1,performance,1,0,2
1004,50,male,47.2,140,3.29,23486,56,10.0,3,habits,3,1,1
1005,69,male,61.9,165,2.38,16143,58,7.5,3,consistency,2,1,0
1006,39,female,74.2,177,1.4,15455,47,7.2,3,consistency,2,0,0
1007,67,male,56.8,177,2.79,10126,55,6.1,2,consistency,2,1,0
1008,45,male,53.3,193,2.93,23360,75,7.2,3,consistency,3,1,0
1009,80,other,40.0,183,0.64,6205,30,6.1,1,performance,1,2,2
1010,98,male,60.1,161,2.0,5882,14,6.9,1,habits,1,1,1
1011,78,male,52.8,183,1.09,10591,45,10.0,2,performance,1,1,2
1012,22,female,55.2,149,1.73,9473,61,7.3,2,habits,2,0,1
1013,17,male,65.9,194,1.57,10521,43,6.6,2,habits,1,1,1
1014,86,female,61.0,197,2.97,20817,37,7.1,3,habits,2,0,1
1015,50,other,52.5,145,2.48,20380,71,6.9,3,habits,3,2,1
1016,25,female,40.0,156,1.7,21374,91,8.4,4,habits,3,0,1
1017,43,female,74.5,190,2.82,8609,50,7.1,2,performance,2,0,2
1018,59,male,81.3,189,1.0,4091,15,8.7,1,consistency,1,1,0
1019,64,male,64.0,177,2.43,10531,45,6.9,2,habits,2,1,1
1020,68,female,66.0,163,2.23,16320,82,7.2,5,consistency,3,0,0
1021,27,female,70.0,190,2.14,22123,47,6.4,3,habits,3,0,1
1022,41,female,93.7,149,2.75,21153,68,6.9,3,habits,3,0,1
1023,20,male,46.5,195,2.37,7944,26,5.4,1,consistency,1,1,0
1024,17,male,63.8,147,3.34,26075,60,5.2,3,consistency,3,1,0
1025,41,male,44.2,160,1.94,3236,36,7.7,1,consistency,1,1,0
1026,59,female,75.4,195,2.61,25317,69,5.6,3,habits,3,0,1
1027,80,male,67.8,145,2.49,26688,79,7.9,5,consistency,3,1,0
1028,88,female,73.0,160,2.93,25432,77,7.0,5,consistency,3,0,0
1029,57,female,72.3,196,2.71,15400,47,8.2,3,performance,2,0,2
1030,14,male,84.9,178,2.13,14227,50,5.5,2,habits,2,1,1
1031,39,female,78.1,163,1.54,21042,76,8.1,5,consistency,3,0,0
1032,48,male,82.5,172,2.63,29598,46,7.6,3,consistency,3,1,0
1033,48,female,54.0,198,2.26,4032,42,7.5,1,performance,1,0,2
1034,38,female,87.9,157,1.72,10118,55,8.3,2,habits,2,0,1
1035,55,female,59.2,195,1.3,10567,44,7.3,2,consistency,1,0,0
1036,39,female,60.0,167,3.23,9992,63,4.8,2,habits,2,0,1
1037,81,male,74.1,196,2.54,13008,53,7.6,2,consistency,2,1,0
1038,32,male,74.5,191,2.24,25498,40,7.6,3,habits,3,1,1
1039,23,female,53.9,171,1.4,13164,70,7.0,2,habits,2,0,1
1040,86,male,67.4,151,1.42,7942,51,6.3,1,consistency,1,1,0
1041,50,male,92.3,187,3.31,28833,75,6.9,3,habits,3,1,1
1042,18,male,48.0,181,2.7,16824,76,8.9,4,habits,3,1,1
1043,84,female,92.3,166,2.01,27077,24,6.4,3,habits,3,0,1
1044,35,male,66.4,149,2.56,9573,66,5.5,2,habits,2,1,1
1045,59,female,40.0,185,2.23,27549,80,6.0,5,performance,3,0,2
1046,58,other,49.5,196,3.85,25113,85,7.5,5,consistency,3,2,0
1047,24,male,55.5,191,3.15,9766,58,8.9,2,performance,2,1,2
1048,25,male,60.6,181,1.67,3061,69,9.3,1,habits,1,1,1
1049,74,male,68.4,171,1.96,28152,51,8.0,3,performance,3,1,2
1050,94,female,40.0,181,0.77,22868,62,6.4,4,habits,3,0,1
1051,72,male,72.8,165,1.76,22619,67,6.6,5,consistency,3,1,0
1052,55,male,54.2,164,1.66,22418,53,8.3,4,habits,3,1,1
1053,88,male,90.9,150,2.49,17371,44,8.6,3,consistency,2,1,0
1054,80,female,65.9,162,2.17,22068,32,6.7,3,consistency,2,0,0
1055,17,male,84.1,173,1.06,4300,46,8.5,1,habits,1,1,1
1056,49,female,86.7,196,2.0,10490,79,7.0,2,habits,2,0,1
1057,84,female,86.2,191,2.55,8725,80,7.9,2,consistency,2,0,0
1058,43,male,61.5,179,2.77,22803,47,8.4,3,habits,3,1,1
1059,21,female,61.3,162,1.07,26859,55,5.8,3,habits,3,0,1
1060,63,male,66.6,168,2.31,22464,78,7.8,3,habits,3,1,1
1061,41,female,79.5,170,1.23,13987,56,8.6,2,consistency,2,0,0
1062,90,female,62.3,146,3.03,28548,62,6.7,3,performance,3,0,2
1063,52,female,68.2,179,2.55,7882,36,6.0,1,habits,1,0,1
1064,53,male,74.1,172,1.57,10887,67,7.7,2,habits,2,1,1
1065,98,male,56.4,160,2.06,19312,53,7.5,4,performance,3,1,2
1066,23,male,55.5,141,2.08,23000,67,7.0,3,consistency,3,1,0
1067,35,male,67.6,157,1.22,24461,85,7.5,5,habits,3,1,1
1068,13,male,69.6,186,2.44,11976,50,5.5,2,performance,2,1,2
1069,58,male,76.5,172,2.01,14013,61,7.6,2,habits,2,1,1
1070,33,male,80.1,176,2.88,8704,50,8.8,2,habits,2,1,1
1071,48,male,53.5,173,1.43,13452,41,6.5,2,performance,2,1,2
1072,66,female,57.8,159,2.17,29197,71,6.6,4,performance,3,0,2
1073,99,male,55.4,174,1.35,29372,36,7.5,3,habits,3,1,1
1074,69,male,91.2,190,1.9,25970,79,10.0,4,habits,3,1,1
1075,13,male,68.2,189,1.37,11681,63,8.3,2,habits,2,1,1
1076,75,male,70.2,193,3.3,20153,60,7.3,4,habits,3,1,1
1077,66,other,70.9,157,1.51,4740,26,7.1,1,habits,1,2,1
1078,67,male,59.3,185,2.69,16602,60,8.6,4,habits,2,1,1
1079,52,female,93.5,163,1.93,9845,49,6.3,2,performance,1,0,2
1080,27,other,76.2,147,1.31,12654,53,7.8,2,performance,2,2,2
1081,33,female,70.6,169,2.28,24047,84,6.2,3,consistency,3,0,0
1082,59,female,53.4,183,3.22,22319,102,8.4,5,consistency,3,0,0
1083,85,female,52.6,192,1.15,3961,52,6.8,1,habits,1,0,1
1084,65,other,65.4,149,2.77,13694,51,7.4,2,habits,2,2,1
1085,21,female,59.5,162,2.01,17648,56,7.0,4,habits,2,0,1
1086,86,female,54.0,191,1.86,9370,75,7.9,2,consistency,2,0,0
1087,64,female,64.4,188,2.37,3374,36,6.9,1,habits,1,0,1
1088,69,female,66.8,150,1.74,9636,54,9.4,2,performance,1,0,2
1089,38,female,72.1,141,2.23,14180,59,8.6,2,consistency,2,0,0
1090,53,male,62.4,197,2.58,17481,80,6.2,5,habits,3,1,1
1091,47,male,54.9,165,2.69,16820,87,7.6,4,habits,3,1,1
1092,75,male,55.4,175,0.73,28129,66,8.0,3,consistency,3,1,0
1093,37,male,88.2,172,1.52,25271,94,7.0,5,performance,3,1,2
1094,87,male,51.2,186,2.63,13147,56,8.4,2,consistency,2,1,0
1095,50,male,75.4,152,2.73,7589,39,8.2,1,habits,1,1,1
1096,14,female,77.8,179,1.56,14515,51,7.1,2,consistency,2,0,0
1097,19,male,68.2,164,2.03,8831,49,8.2,2,habits,1,1,1
1098,94,female,96.5,143,2.21,7841,20,4.7,1,performance,1,0,2
1099,46,male,77.5,181,3.29,26149,64,8.9,5,consistency,3,1,0
1100,29,male,97.6,158,1.18,18651,81,8.3,4,consistency,3,1,0
1101,55,female,60.2,157,1.58,10125,31,6.1,2,habits,1,0,1
1102,71,female,60.5,176,2.17,25131,53,7.6,3,consistency,3,0,0
1103,63,male,77.9,169,2.89,22707,44,5.3,3,habits,3,1,1
1104,66,female,66.1,158,4.55,23461,73,6.7,5,habits,3,0,1
1105,36,female,95.3,197,2.44,23107,67,8.5,4,habits,3,0,1
1106,37,male,75.1,162,1.42,21881,53,7.3,3,performance,2,1,2
1107,83,male,54.3,198,2.88,21220,48,7.3,4,consistency,3,1,0
1108,64,other,43.9,193,3.32,19830,57,7.3,3,habits,3,2,1
1109,82,female,68.8,155,2.48,27256,45,7.2,3,performance,3,0,2
1110,45,female,68.7,140,1.37,4851,30,8.1,1,habits,1,0,1
1111,61,female,74.7,151,2.67,6541,51,6.5,1,habits,1,0,1
1112,41,male,88.2,163,2.86,29619,74,7.7,3,habits,3,1,1
1113,75,male,86.2,173,1.48,9909,30,6.1,2,consistency,1,1,0
1114,34,male,61.3,192,2.27,3506,63,7.8,1,consistency,1,1,0
1115,38,female,50.6,196,3.1,29879,52,7.0,3,habits,3,0,1
1116,40,female,51.5,147,2.83,3020,30,7.1,1,consistency,1,0,0
1117,97,female,58.9,157,2.35,24371,46,6.9,3,habits,3,0,1
1118,61,male,64.5,196,2.15,29585,60,7.1,3,consistency,3,1,0
1119,83,male,74.6,187,3.66,25334,109,6.5,5,habits,3,1,1
1120,93,female,58.0,144,1.35,10510,26,7.5,2,consistency,1,0,0
1121,96,female,74.2,165,2.31,3336,9,7.7,1,consistency,1,0,0
1122,61,female,75.4,169,1.44,28270,64,6.0,3,consistency,3,0,0
1123,32,male,72.2,193,3.35,21476,78,6.8,4,habits,3,1,1
1124,98,female,53.1,152,2.62,20942,80,7.5,5,consistency,3,0,0
1125,75,male,77.0,158,3.09,10291,58,6.6,2,habits,2,1,1
1126,73,female,101.2,168,2.54,13467,33,7.0,2,performance,2,0,2
1127,61,male,73.7,142,1.94,17693,65,9.1,5,habits,3,1,1
1128,83,female,40.0,165,3.0,7057,41,6.1,1,habits,1,0,1
1129,13,male,88.6,179,3.49,19089,86,5.0,3,consistency,3,1,0
1130,25,female,59.5,198,2.82,13786,58,6.6,2,consistency,2,0,0
1131,99,male,104.0,197,1.47,7270,49,6.8,1,habits,1,1,1
1132,63,male,71.7,197,1.99,11240,33,6.7,2,performance,1,1,2
1133,68,male,44.7,151,2.3,11491,56,7.5,2,performance,2,1,2
1134,95,male,40.0,141,1.91,19942,42,6.3,3,consistency,2,1,0
1135,74,male,93.1,150,3.98,29651,106,6.3,5,habits,3,1,1
1136,44,female,86.6,183,2.3,11392,34,6.5,2,consistency,2,0,0
1137,42,male,103.4,167,0.71,21953,58,6.7,4,habits,3,1,1
1138,41,female,70.2,157,2.24,4420,17,9.2,1,habits,1,0,1
1139,61,female,69.2,152,2.16,25999,61,8.9,3,performance,3,0,2
1140,57,female,64.3,176,1.95,6377,40,5.4,1,performance,1,0,2
1141,42,male,60.1,161,2.54,22120,102,5.6,5,performance,3,1,2
1142,28,male,64.1,151,3.16,20702,81,7.3,4,habits,3,1,1
1143,52,female,73.3,141,3.18,23347,48,9.2,3,habits,3,0,1
1144,31,other,57.3,176,2.8,17661,83,8.1,4,habits,3,2,1
1145,30,male,45.0,146,2.16,22180,41,7.3,3,habits,2,1,1
1146,13,male,72.4,165,2.77,21651,69,7.0,5,habits,3,1,1
1147,90,male,57.0,165,2.41,23656,61,8.4,3,habits,3,1,1
1148,59,other,40.0,163,2.24,19878,63,7.7,5,consistency,3,2,0
1149,78,male,78.3,151,2.81,28091,75,9.0,3,consistency,3,1,0
1150,50,male,53.4,155,2.32,6444,74,5.4,1,consistency,1,1,0
1151,63,female,79.9,162,3.48,21158,55,7.7,3,performance,3,0,2
1152,75,male,79.6,179,2.88,4075,30,6.5,1,habits,1,1,1
1153,16,male,74.3,199,1.92,23308,58,7.7,3,habits,3,1,1
1154,13,female,107.5,148,2.77,11706,41,7.5,2,consistency,2,0,0
1155,20,female,67.9,171,1.73,25295,63,7.8,3,consistency,3,0,0
1156,41,male,65.7,154,2.49,6056,20,8.1,1,consistency,1,1,0
1157,67,male,80.3,176,1.64,5057,44,8.5,1,habits,1,1,1
1158,15,male,69.2,152,1.48,8774,78,9.2,2,habits,2,1,1
1159,44,male,87.4,144,3.0,22393,49,7.5,5,consistency,3,1,0
1160,22,female,51.0,150,0.5,9380,32,6.7,2,performance,1,0,2
1161,86,male,51.2,149,0.97,11182,43,6.0,2,performance,1,1,2
1162,95,male,81.5,191,2.28,18977,68,7.7,3,consistency,2,1,0
1163,46,male,52.5,152,2.46,27509,73,8.1,3,consistency,3,1,0
1164,99,female,79.1,180,1.94,12814,62,5.9,2,performance,2,0,2
1165,67,female,75.6,192,1.09,12329,24,8.3,2,consistency,1,0,0
1166,44,female,59.6,185,1.63,14167,39,7.1,2,consistency,2,0,0
1167,62,male,75.5,189,3.07,28817,66,6.2,5,performance,3,1,2
1168,19,female,51.5,154,2.41,5595,39,6.3,1,consistency,1,0,0
1169,20,female,55.0,181,2.19,11801,50,6.3,2,performance,2,0,2
1170,77,male,66.4,195,2.81,3394,19,6.2,1,habits,1,1,1
1171,69,male,71.2,146,2.48,9369,43,7.8,2,consistency,1,1,0
1172,79,male,65.4,179,2.08,18249,78,8.3,4,performance,3,1,2
1173,99,male,76.5,167,2.0,14665,40,8.9,2,habits,2,1,1
1174,71,male,75.8,171,1.02,3329,36,6.4,1,consistency,1,1,0
1175,84,male,92.9,174,2.12,10292,75,7.5,2,habits,2,1,1
1176,66,male,68.6,154,2.78,3772,69,6.5,1,performance,1,1,2
1177,79,female,87.9,187,2.48,4645,7,7.1,1,consistency,1,0,0
1178,63,male,83.8,175,3.58,17379,71,5.9,4,habits,3,1,1
1179,20,female,104.4,160,2.39,28853,113,6.3,4,habits,3,0,1
1180,46,female,68.1,145,3.74,28180,87,8.3,5,consistency,3,0,0
1181,47,female,63.7,140,2.46,20426,70,5.9,4,consistency,3,0,0
1182,90,female,88.9,143,3.43,23352,79,7.9,3,habits,3,0,1
1183,44,male,75.8,150,1.98,4848,43,6.4,1,performance,1,1,2
1184,58,female,89.2,183,3.1,18661,80,5.5,4,consistency,3,0,0
1185,28,male,80.8,165,3.63,23469,66,4.9,4,consistency,3,1,0
1186,80,male,40.0,176,2.46,26583,73,8.9,4,habits,3,1,1
1187,49,female,75.6,162,2.55,24748,66,5.4,3,performance,3,0,2
1188,66,male,74.7,168,3.1,14086,62,7.1,2,habits,2,1,1
1189,97,male,72.0,160,2.51,19592,63,7.8,4,consistency,3,1,0
1190,26,female,68.0,187,1.48,22530,53,6.0,3,performance,2,0,2
1191,67,female,46.1,184,4.3,28683,51,6.9,5,habits,3,0,1
1192,60,female,83.1,184,1.67,5322,34,7.6,1,consistency,1,0,0
1193,94,male,75.6,188,2.31,13200,64,7.5,2,habits,2,1,1
1194,19,female,86.5,166,3.01,11667,56,6.7,2,consistency,2,0,0
1195,86,male,46.9,178,2.17,15302,55,7.6,4,consistency,2,1,0
1196,19,female,77.6,179,1.29,7424,11,7.0,1,performance,1,0,2
1197,45,female,66.5,152,2.18,5302,37,6.1,1,performance,1,0,2
1198,35,female,72.2,162,1.54,22199,93,8.7,5,consistency,3,0,0
1199,97,female,66.7,198,1.8,7862,32,7.3,1,consistency,1,0,0
1200,31,male,78.2,155,2.77,26437,48,5.6,4,consistency,3,1,0
1201,31,female,67.6,169,2.01,14078,41,7.7,2,habits,2,0,1
1202,48,female,54.2,143,1.52,19768,74,6.8,4,consistency,3,0,0
1203,41,male,71.3,179,3.52,28561,78,7.0,3,performance,3,1,2
1204,72,female,66.8,155,2.87,16000,76,7.5,5,habits,3,0,1
1205,94,male,68.7,170,3.8,27026,95,6.7,5,habits,3,1,1
1206,14,female,40.0,192,1.82,7927,54,8.9,1,habits,1,0,1
1207,13,female,80.2,181,1.38,7277,22,5.6,1,habits,1,0,1
1208,59,female,65.3,164,2.39,13096,68,7.3,2,habits,2,0,1
1209,81,male,49.8,183,2.25,16718,64,7.7,3,habits,2,1,1
1210,32,female,83.8,151,1.78,22169,51,7.4,4,habits,3,0,1
1211,23,female,79.5,165,3.23,10918,76,7.0,2,consistency,2,0,0
1212,14,female,65.1,176,1.96,18830,58,6.9,3,habits,2,0,1
1213,79,male,52.7,187,0.71,3899,10,6.3,1,consistency,1,1,0
1214,99,male,72.7,172,3.53,20020,59,6.6,4,performance,3,1,2
1215,24,female,71.8,167,2.45,26373,65,8.7,5,performance,3,0,2
1216,32,male,83.9,148,1.77,14485,39,6.8,2,consistency,2,1,0
1217,17,female,63.3,151,0.96,10109,43,9.3,2,habits,1,0,1
1218,49,female,87.9,144,3.22,4893,36,7.8,1,performance,1,0,2
1219,50,female,61.9,193,1.5,15284,55,4.6,3,consistency,2,0,0
1220,21,female,49.8,191,2.44,23612,58,8.2,3,habits,3,0,1
1221,65,female,53.0,193,2.64,7553,48,7.0,1,habits,1,0,1
1222,56,male,69.1,167,2.5,13847,38,5.8,2,habits,2,1,1
1223,98,male,69.0,195,2.16,10303,67,8.5,2,habits,2,1,1
1224,36,male,74.9,174,1.21,16494,41,6.9,3,habits,2,1,1
1225,93,male,68.6,144,1.83,27076,69,6.8,3,performance,3,1,2
1226,86,female,84.7,173,2.13,5056,64,7.5,1,consistency,1,0,0
1227,42,female,66.1,185,2.05,17543,67,8.5,4,consistency,3,0,0
1228,71,female,40.1,173,2.54,27318,62,7.4,3,performance,3,0,2
1229,99,female,68.2,152,2.68,11597,35,7.2,2,consistency,2,0,0
1230,93,other,40.0,178,2.67,3392,32,6.4,1,performance,1,2,2
1231,93,female,74.1,181,1.74,19800,93,8.5,4,performance,3,0,2
1232,26,female,85.9,184,4.34,23913,91,7.6,5,habits,3,0,1
1233,21,female,55.2,187,2.74,8756,56,7.0,2,performance,2,0,2
1234,52,male,91.3,197,2.2,8823,20,6.9,2,consistency,1,1,0
1235,78,male,82.6,153,2.76,6338,29,8.1,1,habits,1,1,1
1236,37,male,88.1,150,4.06,19522,86,7.0,3,consistency,3,1,0
1237,85,female,72.8,181,0.99,6766,46,8.1,1,consistency,1,0,0
1238,34,female,55.1,177,2.04,9846,58,6.7,2,performance,2,0,2
1239,16,male,81.7,143,0.74,20646,62,8.0,3,habits,2,1,1
1240,38,male,60.6,192,2.53,25159,50,7.5,3,consistency,3,1,0
1241,70,female,71.8,172,2.46,12611,54,6.2,2,habits,2,0,1
1242,41,male,67.4,146,2.17,8473,27,7.1,2,habits,1,1,1
1243,99,male,86.9,195,1.94,17731,35,5.1,3,habits,2,1,1
1244,49,female,81.0,180,0.57,5672,28,6.4,1,consistency,1,0,0
1245,87,male,68.8,147,2.26,6178,42,5.5,1,performance,1,1,2
1246,82,male,40.7,176,3.62,17629,46,9.4,4,habits,3,1,1
1247,30,female,60.5,190,1.59,3628,41,5.5,1,consistency,1,0,0
1248,97,female,80.6,149,2.71,25156,45,9.9,3,habits,3,0,1
1249,54,female,74.2,182,1.7,16057,67,8.0,5,habits,3,0,1
1250,53,male,47.5,196,2.52,11942,69,6.7,2,consistency,2,1,0
1251,50,male,42.9,154,1.92,14509,50,8.0,2,habits,2,1,1
1252,46,male,72.9,177,1.87,21834,46,6.7,3,consistency,2,1,0
1253,29,female,54.1,154,2.07,23949,72,6.0,4,habits,3,0,1
1254,49,female,55.6,144,2.52,16795,57,7.6,5,habits,3,0,1
1255,37,male,80.1,168,2.67,24835,65,8.0,3,consistency,3,1,0
1256,88,female,88.0,158,1.08,4914,56,8.4,1,consistency,1,0,0
1257,99,male,58.7,193,2.12,23215,69,7.8,3,habits,3,1,1
1258,98,male,69.3,190,2.17,14118,82,6.7,2,consistency,2,1,0
1259,97,male,68.9,149,1.43,8858,20,8.6,2,performance,1,1,2
1260,39,male,67.5,151,3.26,3825,41,8.3,1,consistency,1,1,0
1261,69,female,70.6,193,1.4,5963,19,7.4,1,habits,1,0,1
1262,43,female,81.3,143,2.13,21947,67,8.6,4,consistency,3,0,0
1263,18,male,59.9,170,1.52,8177,50,9.4,2,consistency,1,1,0
1264,52,female,47.1,157,3.46,11928,84,6.7,2,habits,2,0,1
1265,24,male,95.4,155,2.59,13529,49,6.3,2,performance,2,1,2
1266,65,female,86.3,179,1.94,25734,68,6.8,4,performance,3,0,2
1267,83,female,53.4,175,3.17,22179,75,6.0,3,performance,3,0,2
1268,22,male,72.0,164,2.34,10840,49,7.8,2,performance,2,1,2
1269,57,female,85.2,162,2.18,6551,67,5.5,1,consistency,1,0,0
1270,29,male,81.2,151,1.96,10947,60,8.5,2,consistency,2,1,0
1271,38,male,76.9,173,2.28,27495,92,6.8,5,consistency,3,1,0
1272,97,male,67.4,175,2.64,27420,31,8.7,3,performance,3,1,2
1273,74,female,95.9,176,2.02,20458,89,4.7,3,consistency,3,0,0
1274,58,female,73.3,142,3.67,20315,50,6.9,3,habits,3,0,1
1275,76,male,62.3,148,1.31,8845,49,5.9,2,habits,1,1,1
1276,14,female,83.1,192,3.68,24497,60,8.8,4,performance,3,0,2
1277,66,female,71.4,157,2.32,27656,44,9.0,3,habits,3,0,1
1278,77,female,75.2,182,2.21,3062,21,4.8,1,consistency,1,0,0
1279,63,female,73.0,174,2.58,5530,41,8.0,1,performance,1,0,2
1280,65,female,77.5,196,1.96,29758,30,8.4,3,consistency,3,0,0
1281,48,male,55.3,194,3.4,26820,76,7.8,5,performance,3,1,2
1282,38,male,48.2,173,0.5,10337,65,7.8,2,consistency,1,1,0
1283,41,other,91.5,180,2.1,23973,79,7.9,4,habits,3,2,1
1284,33,male,73.7,153,1.95,21767,76,8.3,4,performance,3,1,2
1285,23,other,81.6,143,1.32,14695,36,6.1,2,habits,2,2,1
1286,52,female,43.6,168,1.85,3216,16,8.3,1,habits,1,0,1
1287,23,male,86.0,180,2.27,3195,55,7.3,1,habits,1,1,1
1288,48,male,62.2,184,2.89,27465,53,7.4,3,habits,3,1,1
1289,71,male,57.9,189,2.17,6273,38,7.7,1,habits,1,1,1
1290,51,female,69.0,154,1.73,9167,47,5.9,2,habits,1,0,1
1291,66,male,55.3,167,2.66,21995,70,5.7,3,consistency,3,1,0
1292,67,male,70.0,181,2.49,19167,87,7.2,3,performance,3,1,2
1293,36,male,68.0,155,2.66,4521,61,8.6,1,habits,1,1,1
1294,34,male,85.9,151,2.74,11441,15,6.0,2,habits,1,1,1
1295,81,female,92.7,191,2.22,11512,45,7.4,2,consistency,2,0,0
1296,68,male,92.2,144,1.77,24912,39,6.6,3,consistency,3,1,0
1297,45,female,40.0,173,2.14,23296,84,6.5,4,performance,3,0,2
1298,48,male,56.0,181,1.62,7260,40,7.6,1,habits,1,1,1
1299,32,male,40.0,140,2.38,27508,79,8.2,4,performance,3,1,2
1300,95,male,52.1,178,2.59,25041,54,6.5,3,consistency,3,1,0
1301,93,male,60.3,171,2.9,24054,44,8.7,3,consistency,3,1,0
1302,74,other,76.2,165,2.36,26637,46,7.7,3,habits,3,2,1
1303,85,female,62.2,156,2.21,13648,27,7.0,2,habits,2,0,1
1304,38,male,62.6,187,2.1,4251,21,7.4,1,habits,1,1,1
1305,78,female,72.7,198,2.04,26100,37,9.3,3,habits,3,0,1
1306,85,male,44.4,166,1.75,27329,44,8.1,3,consistency,3,1,0
1307,85,male,57.4,163,1.17,15770,43,6.6,3,performance,2,1,2
1308,52,other,62.4,174,1.71,10387,55,7.2,2,consistency,2,2,0
1309,29,female,67.0,185,3.13,24654,85,7.6,5,consistency,3,0,0
1310,13,other,71.2,181,1.91,18854,65,8.0,3,consistency,2,2,0
1311,73,male,92.5,193,1.83,3245,57,7.3,1,habits,1,1,1
1312,55,female,83.6,178,2.53,10780,48,9.1,2,performance,2,0,2
1313,54,male,58.5,165,2.96,24901,58,7.2,4,consistency,3,1,0
1314,37,male,66.1,188,1.84,22225,103,5.7,4,habits,3,1,1
1315,51,female,65.1,177,2.9,14443,63,7.4,2,habits,2,0,1
1316,47,male,62.3,162,3.39,15710,72,7.0,4,consistency,3,1,0
1317,15,female,74.1,161,1.41,14312,51,5.7,2,consistency,2,0,0
1318,56,female,42.1,143,1.62,9172,54,6.5,2,habits,1,0,1
1319,63,male,83.2,188,3.43,28522,66,7.0,4,performance,3,1,2
1320,24,female,95.4,198,2.5,15038,71,8.5,4,consistency,2,0,0
1321,31,female,66.0,148,0.85,16275,67,5.8,3,consistency,2,0,0
1322,56,male,65.7,143,1.62,22069,59,7.7,4,habits,3,1,1
1323,71,female,72.4,146,1.83,4126,15,9.3,1,habits,1,0,1
1324,61,female,85.3,162,1.79,19857,38,7.2,4,performance,2,0,2
1325,73,male,65.1,141,1.91,13788,63,7.0,2,performance,2,1,2
1326,29,female,84.0,188,2.02,5665,16,7.8,1,habits,1,0,1
1327,86,other,77.3,163,3.22,8448,56,7.7,2,habits,2,2,1
1328,69,male,105.4,179,2.0,13008,32,8.6,2,habits,2,1,1
1329,67,female,65.1,194,2.95,12893,32,7.0,2,habits,2,0,1
1330,59,male,40.4,170,3.2,8793,39,7.9,2,consistency,2,1,0
1331,24,female,48.5,186,3.0,3399,42,7.8,1,performance,1,0,2
1332,74,female,70.2,170,2.4,14012,30,6.9,2,habits,2,0,1
1333,92,male,85.4,186,1.03,19025,50,7.2,3,habits,2,1,1
1334,95,male,60.2,179,2.52,12626,49,7.2,2,performance,2,1,2
1335,20,female,66.5,187,2.93,12660,31,6.0,2,habits,2,0,1
1336,33,male,80.3,190,2.34,25918,81,6.9,3,performance,3,1,2
1337,93,female,55.5,182,3.82,25590,44,8.9,4,consistency,3,0,0
1338,99,male,60.8,173,3.2,21212,66,8.4,4,performance,3,1,2
1339,92,female,52.5,194,2.6,10919,69,6.6,2,habits,2,0,1
1340,82,female,87.7,163,3.16,24457,40,7.3,3,habits,3,0,1
1341,84,female,93.1,188,2.23,6646,38,8.1,1,habits,1,0,1
1342,37,male,46.3,199,0.5,5363,41,7.5,1,habits,1,1,1
1343,94,female,67.9,165,1.85,9127,37,8.0,2,habits,1,0,1
1344,24,female,91.1,155,3.44,15653,68,7.9,4,performance,3,0,2
1345,27,male,76.0,196,1.63,12012,58,7.4,2,performance,2,1,2
1346,71,male,62.7,186,1.84,4718,32,6.9,1,consistency,1,1,0
1347,38,male,46.8,152,1.27,4778,51,5.9,1,habits,1,1,1
1348,38,female,87.3,154,3.85,26354,75,8.1,4,consistency,3,0,0
1349,59,female,75.4,166,3.58,24879,51,7.1,3,consistency,3,0,0
1350,44,male,47.9,143,1.58,9104,66,5.6,2,habits,1,1,1
1351,22,female,87.8,155,2.5,28980,48,6.8,3,performance,3,0,2
1352,28,male,46.0,169,1.92,24580,72,8.2,3,habits,3,1,1
1353,83,male,66.7,183,2.83,17197,49,5.4,3,habits,2,1,1
1354,29,other,66.0,169,2.56,9861,45,6.2,2,habits,2,2,1
1355,35,female,94.3,175,3.17,28582,67,7.5,4,consistency,3,0,0
1356,38,female,66.1,142,2.43,13761,55,8.6,2,consistency,2,0,0
1357,97,male,66.0,161,4.45,28892,23,8.3,3,habits,3,1,1
1358,98,female,49.6,188,1.28,6201,46,8.6,1,habits,1,0,1
1359,19,female,60.4,161,1.0,10287,48,7.4,2,habits,1,0,1
1360,26,male,57.7,189,1.92,10421,54,7.0,2,habits,2,1,1
1361,91,female,58.5,196,1.3,26850,67,8.1,3,habits,3,0,1
1362,19,female,70.1,189,0.96,3965,45,6.2,1,habits,1,0,1
1363,21,female,40.0,194,1.9,25025,39,6.4,4,habits,3,0,1
1364,60,male,47.3,199,1.55,11275,34,6.0,2,performance,1,1,2
1365,84,female,68.3,188,1.73,23221,64,8.4,3,consistency,3,0,0
1366,71,female,71.8,151,2.96,26406,72,6.6,4,consistency,3,0,0
1367,99,male,66.5,194,2.05,15325,48,8.3,3,habits,2,1,1
1368,94,female,69.4,160,2.27,18766,71,7.4,3,habits,2,0,1
1369,51,female,63.9,195,3.03,19111,56,8.4,3,habits,2,0,1
1370,30,male,69.7,143,1.66,11260,63,6.1,2,habits,2,1,1
1371,71,male,76.5,170,2.41,22015,88,6.8,4,habits,3,1,1
1372,29,female,76.4,183,2.46,13651,54,7.7,2,performance,2,0,2
1373,26,female,59.7,170,1.04,15106,68,6.9,3,performance,2,0,2
1374,43,female,83.7,197,0.73,17426,50,4.8,3,habits,2,0,1
1375,36,male,72.4,162,2.44,10093,63,5.8,2,habits,2,1,1
1376,72,other,88.5,193,2.54,10142,53,6.1,2,performance,2,2,2
1377,57,male,91.5,192,3.64,12001,45,6.2,2,habits,2,1,1
1378,15,male,48.4,159,2.71,17531,51,8.1,4,consistency,3,1,0
1379,49,female,57.1,154,3.37,21810,72,7.8,5,performance,3,0,2
1380,55,male,82.2,162,2.26,26336,43,7.5,3,performance,3,1,2
1381,52,male,45.0,167,2.61,20316,71,9.3,3,habits,3,1,1
1382,67,male,91.3,155,3.97,20362,98,8.7,5,habits,3,1,1
1383,99,male,64.8,176,0.51,3464,53,7.9,1,habits,1,1,1
1384,51,male,78.6,160,2.49,10517,87,5.7,2,performance,2,1,2
1385,27,other,68.3,154,3.89,28570,53,7.4,3,performance,3,2,2
1386,16,male,49.1,156,2.8,20268,78,7.7,4,consistency,3,1,0
1387,98,female,85.8,189,3.76,29178,52,7.0,4,consistency,3,0,0
1388,37,female,111.3,176,1.76,9096,47,8.9,2,consistency,1,0,0
1389,25,female,62.3,152,1.98,3303,17,7.2,1,consistency,1,0,0
1390,94,male,65.2,158,2.22,12154,58,6.0,2,performance,2,1,2
1391,45,female,40.0,169,0.65,9044,44,6.2,2,consistency,1,0,0
1392,28,female,90.3,184,1.38,13577,19,9.5,2,consistency,1,0,0
1393,54,female,83.7,157,1.83,29013,59,7.0,4,habits,3,0,1
1394,78,female,44.0,153,2.58,5331,66,5.0,1,consistency,1,0,0
1395,67,female,40.0,175,3.21,26106,76,6.8,4,habits,3,0,1
1396,54,male,40.8,175,2.43,9596,61,5.4,2,habits,2,1,1
1397,46,female,79.7,159,2.98,16239,61,8.2,3,performance,2,0,2
1398,42,female,81.2,191,1.89,5831,37,5.1,1,consistency,1,0,0
1399,25,female,56.1,158,3.04,8679,50,5.8,2,performance,2,0,2
1400,25,other,77.5,184,2.01,3732,43,7.1,1,habits,1,2,1
1401,30,male,72.4,183,2.84,18997,63,8.6,5,consistency,3,1,0
1402,44,other,64.5,146,2.41,18006,81,7.3,4,habits,3,2,1
1403,51,male,84.6,196,2.68,9129,66,5.9,2,performance,2,1,2
1404,58,male,51.9,183,1.91,11904,47,7.4,2,habits,2,1,1
1405,41,male,87.2,192,3.48,21558,72,7.0,5,consistency,3,1,0
1406,74,male,59.1,143,1.41,8317,38,8.3,2,consistency,1,1,0
1407,74,female,96.7,198,1.23,7217,66,8.0,1,habits,1,0,1
1408,69,male,54.9,173,2.88,16184,53,6.8,3,performance,2,1,2
1409,28,male,64.7,141,2.74,25942,89,8.3,5,performance,3,1,2
1410,68,female,70.9,144,1.68,3997,37,7.4,1,habits,1,0,1
1411,22,female,70.8,194,2.82,12501,46,8.6,2,habits,2,0,1
1412,42,female,77.4,149,2.37,27951,68,8.2,5,habits,3,0,1
1413,37,female,50.7,171,1.86,7664,25,7.6,1,habits,1,0,1
1414,96,female,69.4,181,2.98,5357,51,8.4,1,performance,1,0,2
1415,17,male,72.1,180,3.48,23102,45,7.3,3,performance,3,1,2
1416,77,male,62.1,152,3.7,28869,76,6.6,4,habits,3,1,1
1417,61,female,76.1,178,2.0,13366,51,7.4,2,habits,2,0,1
1418,15,male,49.8,144,3.66,27937,91,7.1,5,consistency,3,1,0
1419,57,female,65.1,197,1.74,27246,50,7.9,3,habits,3,0,1
1420,26,male,58.7,149,1.37,6527,56,7.2,1,habits,1,1,1
1421,42,male,65.1,149,1.15,19383,77,7.9,5,habits,3,1,1
1422,80,female,91.7,177,3.37,13541,88,6.0,2,consistency,2,0,0
1423,30,female,92.0,166,1.6,8834,25,7.7,2,consistency,1,0,0
1424,74,female,89.1,199,2.31,19507,96,6.0,3,consistency,3,0,0
1425,49,female,63.1,190,1.56,10355,48,8.2,2,habits,1,0,1
1426,37,male,83.6,160,2.49,5811,43,8.1,1,performance,1,1,2
1427,60,male,71.7,147,1.74,7090,30,7.4,1,consistency,1,1,0
1428,77,female,70.7,140,1.29,10553,26,7.5,2,performance,1,0,2
1429,65,female,68.8,167,2.91,17025,62,7.2,4,habits,3,0,1
1430,91,male,96.4,188,1.4,18535,54,6.7,3,performance,2,1,2
1431,85,female,90.5,178,2.21,19854,82,7.5,5,performance,3,0,2
1432,27,male,81.2,153,0.73,13028,66,9.2,2,habits,2,1,1
1433,61,male,67.4,160,1.2,10762,52,7.4,2,habits,1,1,1
1434,80,male,70.6,169,2.12,6257,43,5.8,1,performance,1,1,2
1435,24,female,78.0,160,0.62,5906,45,5.4,1,consistency,1,0,0
1436,71,female,62.2,188,1.16,9246,23,5.8,2,performance,1,0,2
1437,49,male,84.1,148,2.6,23572,45,7.0,4,consistency,3,1,0
1438,73,female,56.2,156,2.42,21652,57,8.8,5,consistency,3,0,0
1439,55,male,75.9,144,4.19,16528,74,6.5,5,habits,3,1,1
1440,82,male,40.0,197,3.48,10835,21,8.6,2,habits,2,1,1
1441,51,male,61.7,196,1.99,19571,59,7.6,4,performance,3,1,2
1442,68,male,101.2,170,2.59,14113,29,7.7,2,habits,2,1,1
1443,75,male,85.5,191,2.52,6199,47,7.6,1,habits,1,1,1
1444,58,female,93.0,179,2.18,15848,76,8.0,4,consistency,2,0,0
1445,23,female,60.0,177,1.35,28184,55,6.9,3,consistency,3,0,0
1446,74,female,71.6,182,1.99,7558,11,4.8,1,habits,1,0,1
1447,89,male,89.2,158,2.08,10696,46,6.6,2,habits,2,1,1
1448,37,male,79.5,175,1.89,12687,54,6.3,2,habits,2,1,1
1449,83,male,77.6,189,2.71,22351,72,7.6,3,habits,3,1,1
1450,64,male,94.5,172,1.67,8058,76,7.4,2,consistency,1,1,0
1451,16,female,54.4,152,1.99,20866,96,7.2,5,habits,3,0,1
1452,71,male,67.2,153,2.08,4360,42,8.9,1,performance,1,1,2
1453,84,female,43.7,195,2.47,9573,45,6.6,2,performance,2,0,2
1454,32,female,53.6,172,1.38,9140,38,5.0,2,consistency,1,0,0
1455,75,male,86.1,168,3.05,28414,80,7.4,3,habits,3,1,1
1456,66,female,56.2,182,0.96,13901,52,8.4,2,consistency,2,0,0
1457,86,female,81.0,188,2.0,19681,69,7.6,3,habits,2,0,1
1458,69,female,94.9,175,2.42,29755,61,7.0,4,habits,3,0,1
1459,53,female,67.3,197,2.35,15472,61,7.7,5,performance,3,0,2
1460,15,male,77.8,183,2.2,16787,63,9.2,4,habits,2,1,1
1461,18,male,81.1,149,3.91,15113,65,6.5,4,performance,3,1,2
1462,17,male,51.7,170,1.8,28690,62,7.3,3,habits,3,1,1
1463,17,male,60.8,145,4.31,24528,58,8.1,4,habits,3,1,1
1464,66,female,54.9,196,2.51,12623,50,7.5,2,performance,2,0,2
1465,59,male,61.9,140,2.26,14541,67,7.0,2,consistency,2,1,0
1466,99,female,80.7,146,2.53,9774,24,6.8,2,consistency,1,0,0
1467,61,female,61.1,197,3.97,9421,18,6.9,2,consistency,2,0,0
1468,21,male,69.5,166,1.5,13765,68,7.7,2,habits,2,1,1
1469,32,male,54.4,160,2.02,19559,58,8.0,5,consistency,3,1,0
1470,73,female,88.4,167,1.67,8435,44,9.3,2,habits,1,0,1
1471,47,female,61.8,155,2.02,7004,49,5.6,1,consistency,1,0,0
1472,62,female,92.8,195,1.19,29275,59,9.1,3,consistency,3,0,0
1473,94,male,70.9,185,2.02,4331,38,6.9,1,performance,1,1,2
1474,74,male,48.9,162,3.19,7588,41,7.0,1,consistency,1,1,0
1475,29,male,67.4,191,2.31,12959,87,8.1,2,habits,2,1,1
1476,15,male,54.1,159,2.0,10681,76,8.1,2,consistency,2,1,0
1477,44,female,78.8,177,1.77,9650,39,8.4,2,habits,1,0,1
1478,25,female,66.1,193,3.23,28978,85,8.8,4,habits,3,0,1
1479,85,female,72.4,164,1.82,29708,67,7.3,3,habits,3,0,1
1480,80,female,64.5,167,3.49,10261,49,8.6,2,consistency,2,0,0
1481,26,female,61.7,144,3.55,8915,36,6.6,2,habits,2,0,1
1482,23,male,55.4,195,2.38,10639,56,6.9,2,habits,2,1,1
1483,68,male,82.5,160,2.59,29571,65,7.2,4,performance,3,1,2
1484,79,female,67.4,157,2.72,5673,34,6.6,1,consistency,1,0,0
1485,41,male,65.3,186,2.77,5122,28,7.2,1,habits,1,1,1
1486,21,female,67.0,145,2.04,26002,84,8.3,4,habits,3,0,1
1487,79,female,59.8,196,1.83,12481,38,7.9,2,consistency,2,0,0
1488,37,male,65.3,168,1.07,5433,28,6.5,1,performance,1,1,2
1489,88,female,73.1,158,2.49,13901,61,6.5,2,habits,2,0,1
1490,54,female,54.5,172,3.27,17427,77,6.6,5,performance,3,0,2
1491,21,female,56.7,140,1.66,17841,68,7.5,4,consistency,2,0,0
1492,91,female,90.7,184,2.08,23805,75,5.7,3,consistency,3,0,0
1493,52,female,64.6,142,1.26,11368,69,6.3,2,performance,2,0,2
1494,37,male,61.7,181,1.77,21563,28,6.8,3,consistency,2,1,0
1495,17,male,49.8,160,3.19,29387,78,8.6,5,performance,3,1,2
1496,23,female,82.8,174,2.29,20840,58,7.4,5,habits,3,0,1
1497,71,female,54.2,180,1.99,11332,44,8.2,2,consistency,2,0,0
1498,91,male,69.8,179,1.46,29093,69,7.6,4,consistency,3,1,0
1499,50,male,44.4,142,2.13,7035,34,6.6,1,habits,1,1,1
1500,84,female,82.3,164,2.17,10820,34,6.8,2,consistency,1,0,0
